scalename,category,universal genetic code,,H. sapiens,,,,M. jannaschii,,,,E. coli,,,
LEVM780103,alpha,0.0130,4.50E-01,0.0093,-0.0292,4.71E-01,5.91E-01,-0.0243,-0.0865,5.65E-01,7.21E-01,-0.0643,-0.1250,7.12E-01,8.62E-01
AURR980102,alpha,0.1088,1.45E-01,0.1571,0.0888,1.07E-01,2.41E-01,0.0739,0.0662,3.08E-01,3.27E-01,0.0019,0.0292,4.94E-01,4.00E-01
ROBB760104,alpha,0.1516,7.06E-02,0.2229,0.1603,3.87E-02,1.02E-01,0.1993,0.2480,8.86E-02,4.65E-02,0.0698,0.0472,2.72E-01,3.40E-01
RICJ880110,alpha,-0.0511,6.90E-01,-0.1131,-0.0117,8.15E-01,5.37E-01,-0.0727,0.0174,6.89E-01,4.53E-01,-0.0761,-0.0739,7.46E-01,7.40E-01
GEOR030101,alpha,0.1504,7.21E-02,0.0956,0.1575,2.24E-01,1.06E-01,-0.0171,0.1145,5.46E-01,2.19E-01,-0.0008,0.0230,5.03E-01,4.21E-01
RICJ880113,alpha,0.1211,1.20E-01,0.2852,0.1750,1.19E-02,8.27E-02,0.4888,0.4053,4.68E-04,3.04E-03,0.2212,0.1180,2.71E-02,1.52E-01
BUNA790103,alpha,0.1542,6.71E-02,0.1226,0.1157,1.66E-01,1.80E-01,-0.0076,0.1531,5.20E-01,1.50E-01,-0.0020,0.0435,5.07E-01,3.53E-01
CHAM830102,alpha,-0.0106,5.41E-01,-0.0721,-0.0149,7.16E-01,5.47E-01,-0.1548,-0.0655,8.53E-01,6.71E-01,-0.0427,-0.0608,6.45E-01,7.02E-01
QIAN880132,alpha,-0.0418,6.58E-01,-0.0138,-0.1113,5.43E-01,8.11E-01,0.0126,-0.1095,4.66E-01,7.71E-01,-0.1014,-0.1821,8.11E-01,9.44E-01
RICJ880114,alpha,0.0765,2.29E-01,0.1554,0.1154,1.09E-01,1.80E-01,0.2612,0.2568,3.85E-02,4.10E-02,0.1512,0.1392,9.40E-02,1.13E-01
TANS770104,alpha,0.2120,1.98E-02,0.2750,0.2170,1.47E-02,4.28E-02,0.1738,0.3500,1.20E-01,8.89E-03,0.0919,0.1300,2.12E-01,1.29E-01
PALJ810115,alpha,-0.0048,5.19E-01,0.0162,-0.0053,4.49E-01,5.17E-01,-0.0660,0.0227,6.73E-01,4.39E-01,-0.0908,-0.0598,7.85E-01,6.99E-01
KANM800101,alpha,-0.1065,8.49E-01,-0.0380,-0.0322,6.18E-01,6.01E-01,-0.0028,0.0451,5.08E-01,3.80E-01,-0.0351,-0.1017,6.20E-01,8.12E-01
AURR980112,alpha,-0.1393,9.12E-01,-0.0430,-0.1459,6.33E-01,8.76E-01,-0.0388,-0.0941,6.04E-01,7.38E-01,-0.0776,-0.2059,7.50E-01,9.63E-01
QIAN880130,alpha,-0.3032,9.98E-01,-0.1943,-0.2688,9.38E-01,9.83E-01,-0.0719,-0.1902,6.87E-01,9.01E-01,-0.2126,-0.2366,9.68E-01,9.80E-01
QIAN880109,alpha,0.0517,3.08E-01,0.0742,0.0296,2.78E-01,4.07E-01,0.0110,0.1046,4.70E-01,2.39E-01,0.0150,-0.0504,4.48E-01,6.70E-01
ISOY800104,alpha,0.2003,2.59E-02,0.2507,0.1548,2.35E-02,1.10E-01,0.1355,0.3472,1.79E-01,9.38E-03,0.1636,0.0960,7.72E-02,2.02E-01
CRAJ730101,alpha,-0.1370,9.08E-01,-0.1648,-0.1979,9.04E-01,9.42E-01,-0.2617,-0.2112,9.62E-01,9.24E-01,-0.1375,-0.1643,8.84E-01,9.24E-01
ROBB760110,alpha,-0.2425,9.91E-01,-0.2917,-0.2632,9.90E-01,9.81E-01,-0.1404,-0.2402,8.29E-01,9.48E-01,-0.3080,-0.2793,9.96E-01,9.92E-01
VASM830101,alpha,-0.2477,9.92E-01,-0.1576,-0.2316,8.94E-01,9.67E-01,-0.0644,-0.0841,6.69E-01,7.15E-01,-0.1448,-0.2646,8.96E-01,9.89E-01
SUEM840101,alpha,-0.0410,6.55E-01,-0.0958,-0.1430,7.76E-01,8.71E-01,-0.0737,-0.1282,6.91E-01,8.07E-01,-0.0936,-0.1934,7.92E-01,9.54E-01
CHAM830101,alpha,-0.1378,9.09E-01,-0.1199,-0.1725,8.29E-01,9.14E-01,-0.1158,-0.2092,7.84E-01,9.22E-01,-0.2063,-0.2161,9.64E-01,9.70E-01
GEIM800111,alpha,0.0241,4.07E-01,0.0215,-0.0645,4.32E-01,6.95E-01,-0.0156,-0.0765,5.42E-01,6.98E-01,-0.0384,-0.1187,6.31E-01,8.49E-01
CHOP780213,alpha,0.1942,2.97E-02,0.2307,0.1943,3.38E-02,6.18E-02,0.1016,0.3115,2.46E-01,1.75E-02,0.1311,0.1321,1.27E-01,1.25E-01
FAUJ880113,alpha,0.1454,7.90E-02,0.2590,0.1982,2.01E-02,5.81E-02,0.0766,0.2058,3.02E-01,8.18E-02,0.0623,0.0682,2.94E-01,2.76E-01
GEIM800103,alpha,-0.0287,6.10E-01,-0.0465,-0.0618,6.44E-01,6.88E-01,-0.1097,-0.1855,7.71E-01,8.95E-01,0.0176,-0.0319,4.39E-01,6.09E-01
QIAN880134,alpha,0.1603,5.98E-02,0.1581,0.1005,1.05E-01,2.13E-01,0.1284,0.1941,1.92E-01,9.44E-02,0.0480,0.0274,3.38E-01,4.06E-01
QIAN880113,alpha,0.0035,4.86E-01,0.0453,-0.0665,3.60E-01,7.01E-01,0.1594,0.1504,1.40E-01,1.54E-01,-0.0010,-0.0618,5.04E-01,7.05E-01
AURR980117,alpha,0.1575,6.31E-02,0.2250,0.0662,3.73E-02,3.00E-01,0.1190,0.0203,2.10E-01,4.45E-01,0.0156,-0.0165,4.46E-01,5.57E-01
QIAN880139,alpha,-0.1218,8.82E-01,-0.1837,-0.1891,9.27E-01,9.33E-01,-0.0369,0.0638,5.99E-01,3.33E-01,-0.1455,-0.1252,8.97E-01,8.62E-01
QIAN880129,alpha,-0.1068,8.50E-01,-0.1477,-0.0221,8.79E-01,5.70E-01,0.0657,0.0247,3.28E-01,4.34E-01,-0.1499,-0.0661,9.04E-01,7.18E-01
AURR980113,alpha,-0.0402,6.52E-01,-0.0387,-0.0836,6.21E-01,7.46E-01,-0.0186,-0.0809,5.50E-01,7.08E-01,-0.0418,-0.1280,6.42E-01,8.68E-01
QIAN880108,alpha,0.0869,1.99E-01,0.1197,0.0664,1.71E-01,3.00E-01,0.0133,0.1283,4.64E-01,1.93E-01,0.0356,-0.0113,3.78E-01,5.39E-01
FODM020101,alpha,0.1818,3.88E-02,0.2015,0.1511,5.52E-02,1.16E-01,0.1475,0.1659,1.59E-01,1.31E-01,0.1384,0.0906,1.14E-01,2.15E-01
FINA910102,alpha,0.1824,3.83E-02,0.2297,0.1898,3.44E-02,6.63E-02,0.0199,0.2207,4.46E-01,6.76E-02,-0.0170,0.0873,5.59E-01,2.24E-01
PALJ810109,alpha,-0.0421,6.59E-01,-0.0341,-0.1020,6.07E-01,7.90E-01,-0.0342,-0.0034,5.91E-01,5.09E-01,-0.0019,-0.1111,5.07E-01,8.33E-01
QIAN880106,alpha,-0.0833,7.91E-01,-0.0280,-0.1322,5.88E-01,8.53E-01,-0.0130,-0.0906,5.35E-01,7.30E-01,-0.0774,-0.1917,7.50E-01,9.52E-01
CHOP780216,alpha,-0.0665,7.41E-01,-0.0699,-0.1137,7.10E-01,8.16E-01,-0.1045,-0.1620,7.60E-01,8.64E-01,-0.1404,-0.1646,8.89E-01,9.24E-01
PALJ810108,alpha,0.0501,3.13E-01,-0.0221,-0.0298,5.69E-01,5.93E-01,-0.1256,0.0723,8.02E-01,3.12E-01,-0.0494,-0.0411,6.67E-01,6.40E-01
QIAN880137,alpha,0.0354,3.65E-01,-0.0243,0.0137,5.76E-01,4.57E-01,-0.0969,0.0204,7.44E-01,4.45E-01,-0.1578,-0.0394,9.15E-01,6.34E-01
AURR980114,alpha,-0.1202,8.78E-01,-0.0400,-0.0817,6.24E-01,7.41E-01,0.0981,0.1088,2.53E-01,2.31E-01,-0.0496,-0.1787,6.67E-01,9.40E-01
GEIM800102,alpha,0.0122,4.53E-01,0.0710,-0.0451,2.87E-01,6.40E-01,-0.0110,-0.1458,5.30E-01,8.38E-01,-0.0217,-0.1013,5.75E-01,8.11E-01
PALJ810113,alpha,-0.0992,8.32E-01,-0.0740,-0.1710,7.21E-01,9.12E-01,-0.1087,-0.2461,7.69E-01,9.52E-01,-0.0327,-0.2098,6.12E-01,9.66E-01
SNEP660104,alpha,-0.2726,9.96E-01,-0.0974,-0.1317,7.80E-01,8.52E-01,0.2157,0.0825,7.21E-02,2.88E-01,-0.0789,-0.2126,7.54E-01,9.68E-01
ROBB760111,alpha,-0.0787,7.78E-01,-0.1516,-0.1110,8.85E-01,8.10E-01,-0.2354,-0.0684,9.44E-01,6.78E-01,-0.2593,-0.1401,9.88E-01,8.89E-01
QIAN880110,alpha,-0.0453,6.70E-01,-0.0346,-0.0851,6.08E-01,7.50E-01,-0.0662,0.0435,6.73E-01,3.84E-01,-0.0029,-0.1434,5.10E-01,8.94E-01
QIAN880112,alpha,-0.0181,5.70E-01,-0.0197,-0.0878,5.62E-01,7.57E-01,0.0284,0.0054,4.24E-01,4.85E-01,-0.0668,-0.1357,7.20E-01,8.81E-01
NAGK730103,alpha,-0.1334,9.02E-01,-0.1736,-0.1439,9.15E-01,8.73E-01,-0.1821,-0.1641,8.91E-01,8.67E-01,-0.1897,-0.1227,9.51E-01,8.57E-01
GEOR030102,alpha,0.1980,2.73E-02,0.1971,0.1976,5.92E-02,5.87E-02,0.0664,0.1345,3.27E-01,1.81E-01,0.1130,0.0483,1.63E-01,3.37E-01
FASG760103,alpha,0.2274,1.36E-02,0.3958,0.3820,8.58E-04,1.23E-03,0.4380,0.4448,1.51E-03,1.30E-03,0.1738,0.2109,6.51E-02,3.32E-02
SNEP660101,alpha,0.1120,1.38E-01,0.0537,0.0550,3.35E-01,3.32E-01,0.1045,0.1306,2.40E-01,1.88E-01,-0.0493,-0.0410,6.66E-01,6.39E-01
CHOP780212,alpha,-0.3077,9.99E-01,-0.2366,-0.1920,9.70E-01,9.36E-01,-0.1081,-0.1405,7.68E-01,8.29E-01,-0.2368,-0.2129,9.80E-01,9.68E-01
QIAN880104,alpha,-0.0308,6.18E-01,-0.0757,-0.1759,7.26E-01,9.18E-01,-0.1118,-0.1345,7.75E-01,8.19E-01,-0.0956,-0.1526,7.97E-01,9.08E-01
CHOP780203,alpha,-0.1021,8.39E-01,-0.1144,-0.1590,8.18E-01,8.96E-01,-0.0477,-0.1768,6.27E-01,8.84E-01,-0.1504,-0.1985,9.05E-01,9.58E-01
PTIO830101,alpha,0.1093,1.44E-01,0.0980,0.0460,2.19E-01,3.58E-01,0.0057,0.1034,4.85E-01,2.42E-01,0.0141,-0.0207,4.51E-01,5.71E-01
AURR980115,alpha,-0.0213,5.82E-01,0.0991,0.0606,2.16E-01,3.16E-01,0.2185,0.2241,6.95E-02,6.46E-02,0.0476,-0.0397,3.39E-01,6.35E-01
RACS820114,alpha,0.0707,2.46E-01,0.1478,0.0660,1.21E-01,3.01E-01,0.1940,0.0955,9.46E-02,2.59E-01,-0.0300,-0.0268,6.03E-01,5.92E-01
MAXF760101,alpha,-0.0928,8.16E-01,-0.0376,-0.0707,6.17E-01,7.12E-01,-0.0176,0.0366,5.48E-01,4.02E-01,-0.0442,-0.1392,6.50E-01,8.87E-01
BURA740101,alpha,-0.2781,9.97E-01,-0.2188,-0.2646,9.58E-01,9.82E-01,-0.1648,-0.2550,8.68E-01,9.58E-01,-0.1991,-0.2377,9.58E-01,9.81E-01
PALJ810114,alpha,0.2382,1.04E-02,0.1265,0.1938,1.58E-01,6.23E-02,0.0746,0.1395,3.07E-01,1.72E-01,0.0378,0.1215,3.71E-01,1.45E-01
CHOP780215,alpha,-0.0750,7.67E-01,-0.1710,-0.0445,9.12E-01,6.38E-01,-0.1438,-0.0382,8.35E-01,6.02E-01,-0.1587,-0.0921,9.16E-01,7.89E-01
GEIM800104,alpha,-0.0192,5.74E-01,0.0301,-0.0109,4.06E-01,5.34E-01,0.0133,0.0513,4.64E-01,3.64E-01,0.0806,-0.0395,2.42E-01,6.34E-01
AURR980111,alpha,-0.1245,8.87E-01,-0.0524,-0.0632,6.61E-01,6.92E-01,-0.0213,0.0773,5.57E-01,3.00E-01,-0.0855,-0.1630,7.72E-01,9.22E-01
GEOR030109,alpha,0.1990,2.67E-02,0.2722,0.2441,1.55E-02,2.65E-02,0.1758,0.2659,1.17E-01,3.59E-02,0.1359,0.1488,1.18E-01,9.76E-02
QIAN880135,alpha,0.1379,9.04E-02,0.1132,0.0958,1.85E-01,2.24E-01,0.0693,0.1364,3.20E-01,1.78E-01,0.0612,0.0352,2.97E-01,3.80E-01
AURR980101,alpha,0.0823,2.12E-01,0.1330,0.1903,1.46E-01,6.58E-02,0.1638,0.2954,1.34E-01,2.28E-02,-0.0674,0.0189,7.21E-01,4.35E-01
MAXF760106,alpha,0.1325,9.92E-02,0.1642,0.2258,9.67E-02,3.68E-02,0.0609,0.0950,3.40E-01,2.60E-01,0.0834,0.1198,2.34E-01,1.49E-01
CORJ870106,alpha,0.2398,9.96E-03,0.2062,0.2370,5.12E-02,3.02E-02,0.4229,0.4463,2.10E-03,1.26E-03,0.2783,0.2155,7.70E-03,3.04E-02
ROBB760109,alpha,-0.0796,7.80E-01,0.0222,0.1154,4.30E-01,1.80E-01,0.0507,0.0011,3.66E-01,4.97E-01,-0.0399,0.0500,6.36E-01,3.32E-01
FINA770101,alpha,-0.0238,5.91E-01,-0.0400,-0.0954,6.24E-01,7.75E-01,0.0268,0.0021,4.28E-01,4.94E-01,0.0071,-0.1595,4.75E-01,9.18E-01
BUNA790101,alpha,0.1962,2.84E-02,0.2502,0.2152,2.37E-02,4.41E-02,0.0297,0.2368,4.20E-01,5.44E-02,0.0161,0.1022,4.44E-01,1.87E-01
AURR980109,alpha,-0.1486,9.25E-01,-0.0818,-0.1149,7.41E-01,8.19E-01,-0.0809,-0.0845,7.08E-01,7.16E-01,-0.1158,-0.2095,8.43E-01,9.66E-01
TANS770110,alpha,-0.1855,9.64E-01,-0.1542,-0.2124,8.89E-01,9.54E-01,-0.1711,-0.2760,8.77E-01,9.69E-01,-0.2104,-0.2705,9.67E-01,9.91E-01
QIAN880136,alpha,0.0499,3.14E-01,0.0245,-0.0468,4.23E-01,6.45E-01,-0.1021,0.0421,7.55E-01,3.88E-01,0.0111,-0.0991,4.62E-01,8.06E-01
CHOP780201,alpha,-0.1994,9.74E-01,-0.1201,-0.1348,8.29E-01,8.57E-01,-0.0893,-0.1016,7.27E-01,7.54E-01,-0.1367,-0.1746,8.83E-01,9.36E-01
AURR980110,alpha,-0.0536,6.99E-01,0.0436,0.0415,3.65E-01,3.71E-01,0.1370,0.1497,1.77E-01,1.55E-01,-0.0292,-0.0630,6.00E-01,7.08E-01
PRAM900104,alpha,0.0130,4.50E-01,0.0090,-0.0282,4.71E-01,5.88E-01,-0.0261,-0.0874,5.70E-01,7.23E-01,-0.0659,-0.1257,7.17E-01,8.63E-01
GEOR030104,alpha,0.0996,1.67E-01,-0.0005,0.0848,5.02E-01,2.51E-01,-0.0888,-0.0218,7.26E-01,5.59E-01,-0.1813,-0.0447,9.43E-01,6.51E-01
CRAJ730103,alpha,-0.2936,9.98E-01,-0.2590,-0.2278,9.80E-01,9.64E-01,-0.1492,-0.2717,8.44E-01,9.67E-01,-0.2634,-0.2827,9.89E-01,9.93E-01
QIAN880131,alpha,0.0500,3.14E-01,0.0784,0.0406,2.67E-01,3.74E-01,0.0495,0.0391,3.69E-01,3.96E-01,0.0124,0.0214,4.57E-01,4.26E-01
CHOP780101,alpha,-0.2096,9.79E-01,-0.2356,-0.2087,9.69E-01,9.51E-01,-0.1847,-0.2423,8.94E-01,9.50E-01,-0.2690,-0.2510,9.90E-01,9.86E-01
factor3,alpha,0.0197,4.24E-01,0.0894,0.0941,2.39E-01,2.28E-01,0.0511,0.0972,3.65E-01,2.55E-01,-0.0964,0.0014,7.99E-01,4.95E-01
LEVM780106,alpha,0.0067,4.74E-01,-0.0189,-0.0587,5.59E-01,6.79E-01,-0.0245,-0.0956,5.66E-01,7.41E-01,-0.0913,-0.1487,7.87E-01,9.02E-01
GEIM800109,alpha,-0.0102,5.39E-01,0.0544,-0.0424,3.33E-01,6.31E-01,-0.0485,-0.1838,6.29E-01,8.93E-01,-0.0651,-0.1132,7.15E-01,8.38E-01
AURR980120,alpha,-0.1103,8.58E-01,-0.1149,-0.0510,8.19E-01,6.57E-01,-0.0215,0.0183,5.58E-01,4.51E-01,-0.2827,-0.1082,9.93E-01,8.27E-01
LEVM780101,alpha,-0.0209,5.81E-01,-0.0301,-0.0665,5.94E-01,7.01E-01,-0.0742,0.0041,6.92E-01,4.89E-01,0.0093,-0.0938,4.68E-01,7.93E-01
RACS820104,alpha,-0.2341,9.88E-01,-0.1329,-0.0789,8.54E-01,7.34E-01,-0.0739,-0.1052,6.91E-01,7.62E-01,-0.0958,-0.0801,7.98E-01,7.57E-01
ROBB760101,alpha,-0.1343,9.04E-01,-0.0982,-0.1304,7.82E-01,8.49E-01,-0.0966,-0.1052,7.43E-01,7.62E-01,-0.1301,-0.1624,8.71E-01,9.21E-01
PALJ810105,alpha,-0.0580,7.13E-01,-0.0708,-0.1368,7.13E-01,8.61E-01,-0.1163,-0.2053,7.85E-01,9.18E-01,-0.0825,-0.2056,7.64E-01,9.63E-01
CHOP780207,alpha,-0.1158,8.70E-01,-0.0069,-0.1862,5.22E-01,9.30E-01,0.0146,-0.0457,4.61E-01,6.21E-01,-0.1772,-0.1746,9.39E-01,9.36E-01
MUNV940101,alpha,0.0446,3.32E-01,0.1522,0.0942,1.14E-01,2.28E-01,0.0638,0.1501,3.33E-01,1.55E-01,-0.0124,-0.0357,5.43E-01,6.22E-01
RACS820110,alpha,0.1191,1.24E-01,0.1423,0.1105,1.30E-01,1.91E-01,0.0629,0.0909,3.35E-01,2.69E-01,-0.0274,0.0433,5.94E-01,3.53E-01
PALJ810107,alpha,-0.0263,6.01E-01,-0.0678,-0.0543,7.04E-01,6.67E-01,-0.0844,-0.0770,7.16E-01,6.99E-01,-0.1378,-0.0462,8.85E-01,6.56E-01
RICJ880112,alpha,0.0966,1.74E-01,0.0917,0.1141,2.34E-01,1.83E-01,0.2319,0.3252,5.82E-02,1.38E-02,0.1354,0.0989,1.19E-01,1.95E-01
MUNV940102,alpha,0.0186,4.28E-01,0.1068,0.0349,1.99E-01,3.91E-01,0.0920,0.0850,2.67E-01,2.82E-01,-0.0294,-0.0679,6.01E-01,7.23E-01
ROBB760108,alpha,-0.2720,9.96E-01,-0.3413,-0.2747,9.97E-01,9.85E-01,-0.2156,-0.2670,9.28E-01,9.65E-01,-0.3710,-0.2783,9.99E-01,9.92E-01
RICJ880116,alpha,0.2280,1.34E-02,0.2494,0.2229,2.41E-02,3.87E-02,0.2034,0.2407,8.43E-02,5.16E-02,0.1014,0.1330,1.89E-01,1.23E-01
LEVM780104,alpha,-0.0902,8.09E-01,-0.0646,-0.0817,6.96E-01,7.41E-01,-0.0120,0.0296,5.32E-01,4.21E-01,-0.0105,-0.1195,5.36E-01,8.51E-01
RACS820112,alpha,0.0318,3.79E-01,0.0817,0.0235,2.59E-01,4.26E-01,-0.0543,0.0147,6.43E-01,4.60E-01,-0.0205,-0.0415,5.71E-01,6.41E-01
KANM800103,alpha,-0.1625,9.43E-01,-0.1042,-0.1373,7.95E-01,8.62E-01,-0.0570,-0.0823,6.50E-01,7.11E-01,-0.1035,-0.1943,8.16E-01,9.55E-01
QIAN880102,alpha,-0.0735,7.62E-01,-0.0877,-0.1675,7.56E-01,9.08E-01,-0.0005,-0.0444,5.01E-01,6.18E-01,-0.1008,-0.1550,8.10E-01,9.11E-01
PALJ810101,alpha,-0.1001,8.34E-01,-0.0844,-0.1119,7.48E-01,8.12E-01,-0.0287,-0.0146,5.77E-01,5.39E-01,-0.0259,-0.1334,5.89E-01,8.77E-01
GEIM800101,alpha,-0.0909,8.11E-01,-0.0350,-0.0749,6.09E-01,7.24E-01,0.0084,0.0173,4.77E-01,4.53E-01,0.0159,-0.1191,4.45E-01,8.50E-01
ROBB760113,alpha,-0.2766,9.96E-01,-0.3354,-0.2688,9.96E-01,9.83E-01,-0.2330,-0.2744,9.43E-01,9.68E-01,-0.3716,-0.2725,9.99E-01,9.91E-01
RICJ880107,alpha,-0.0249,5.96E-01,-0.0183,-0.1534,5.58E-01,8.88E-01,0.0163,-0.0014,4.56E-01,5.04E-01,0.0674,-0.1570,2.79E-01,9.14E-01
ROBB760103,alpha,0.0243,4.07E-01,0.0869,0.0261,2.46E-01,4.18E-01,0.0040,-0.0219,4.89E-01,5.59E-01,-0.0393,-0.0580,6.34E-01,6.93E-01
QIAN880101,alpha,-0.0729,7.60E-01,0.1021,0.1086,2.09E-01,1.95E-01,0.3809,0.3080,4.96E-03,1.85E-02,0.1129,0.0112,1.63E-01,4.61E-01
KOEP990101,alpha,0.0068,4.74E-01,-0.0197,-0.0635,5.62E-01,6.93E-01,0.0564,0.0481,3.51E-01,3.72E-01,-0.0024,-0.1160,5.08E-01,8.44E-01
TANS770102,alpha,0.2208,1.60E-02,0.1850,0.2424,7.13E-02,2.74E-02,0.2354,0.0966,5.55E-02,2.57E-01,0.0806,0.1403,2.42E-01,1.11E-01
CHOP780205,alpha,0.0662,2.60E-01,0.1434,0.1044,1.28E-01,2.04E-01,0.2695,0.2837,3.40E-02,2.74E-02,0.1074,-0.0061,1.75E-01,5.21E-01
KARS160118,alpha,0.1556,6.55E-02,0.1626,0.1066,9.88E-02,1.99E-01,0.0871,0.0603,2.78E-01,3.41E-01,0.1301,0.0830,1.29E-01,2.35E-01
RICJ880117,alpha,0.0261,4.00E-01,-0.0360,0.0539,6.12E-01,3.35E-01,-0.0002,0.0098,5.01E-01,4.73E-01,-0.0365,-0.0206,6.25E-01,5.71E-01
RACS820108,alpha,-0.0110,5.43E-01,0.0137,-0.0358,4.57E-01,6.12E-01,-0.0144,0.0017,5.39E-01,4.95E-01,-0.0212,-0.0909,5.73E-01,7.86E-01
LEWP710101,alpha,-0.0804,7.82E-01,-0.1030,-0.0988,7.93E-01,7.83E-01,-0.0450,-0.0283,6.20E-01,5.76E-01,-0.0434,-0.1255,6.47E-01,8.63E-01
QIAN880117,alpha,0.0641,2.67E-01,0.0350,-0.0475,3.91E-01,6.47E-01,-0.2268,-0.1904,9.38E-01,9.01E-01,0.0790,-0.0312,2.46E-01,6.07E-01
CHOP780211,alpha,0.0588,2.84E-01,-0.0442,0.0502,6.37E-01,3.45E-01,0.0191,0.1663,4.49E-01,1.30E-01,-0.0557,-0.0218,6.86E-01,5.75E-01
AVBF000102,alpha,0.0924,1.85E-01,0.0728,0.0244,2.82E-01,4.23E-01,-0.0154,-0.0076,5.42E-01,5.21E-01,-0.0525,-0.0384,6.76E-01,6.31E-01
BLAM930101,alpha,0.1298,1.04E-01,0.1647,0.1215,9.60E-02,1.68E-01,0.0210,0.1565,4.44E-01,1.45E-01,-0.0355,0.0290,6.21E-01,4.00E-01
PALJ810106,alpha,-0.2695,9.96E-01,-0.2725,-0.2583,9.85E-01,9.80E-01,-0.1780,-0.2666,8.86E-01,9.64E-01,-0.2886,-0.2825,9.94E-01,9.93E-01
ISOY800101,alpha,-0.0931,8.17E-01,-0.0325,-0.0526,6.02E-01,6.61E-01,-0.0312,0.0126,5.84E-01,4.66E-01,-0.0719,-0.1211,7.34E-01,8.54E-01
QIAN880105,alpha,-0.0626,7.28E-01,-0.0927,-0.1172,7.69E-01,8.23E-01,-0.0870,-0.1595,7.22E-01,8.60E-01,-0.1561,-0.1244,9.13E-01,8.61E-01
GEOR030106,alpha,0.0885,1.95E-01,0.0035,0.0928,4.89E-01,2.31E-01,-0.0974,0.0684,7.45E-01,3.22E-01,-0.0889,-0.0118,7.81E-01,5.41E-01
BEGF750103,alpha,-0.2032,9.76E-01,-0.2860,-0.1854,9.88E-01,9.29E-01,-0.1912,-0.2231,9.02E-01,9.35E-01,-0.3428,-0.2284,9.99E-01,9.77E-01
PALJ810116,alpha,-0.1650,9.45E-01,-0.1316,-0.2805,8.51E-01,9.87E-01,-0.1196,-0.2700,7.91E-01,9.66E-01,-0.0849,-0.3062,7.70E-01,9.96E-01
ROBB760112,alpha,0.0633,2.69E-01,0.0598,0.0438,3.18E-01,3.64E-01,-0.0544,0.0912,6.44E-01,2.69E-01,-0.0385,-0.0358,6.31E-01,6.22E-01
CORJ870105,alpha,0.1935,3.02E-02,0.1581,0.2094,1.05E-01,4.86E-02,0.4210,0.4010,2.19E-03,3.32E-03,0.2603,0.1799,1.17E-02,5.86E-02
NAGK730101,alpha,-0.1374,9.09E-01,-0.1392,-0.1163,8.65E-01,8.22E-01,-0.0940,-0.0506,7.38E-01,6.34E-01,-0.0597,-0.1160,6.98E-01,8.44E-01
WOLS870103,alpha,-0.1466,9.23E-01,0.0618,-0.0212,3.12E-01,5.67E-01,0.3213,0.2338,1.48E-02,5.68E-02,-0.0325,-0.0869,6.11E-01,7.75E-01
AURR980108,alpha,-0.1601,9.40E-01,-0.0274,-0.1509,5.86E-01,8.84E-01,-0.0721,-0.0905,6.87E-01,7.30E-01,-0.0891,-0.1909,7.81E-01,9.52E-01
QIAN880103,alpha,-0.0708,7.54E-01,-0.0752,-0.0099,7.24E-01,5.31E-01,-0.0238,-0.0457,5.64E-01,6.21E-01,-0.1167,-0.0264,8.45E-01,5.91E-01
CORJ870108,alpha,0.2497,7.66E-03,0.2100,0.2559,4.81E-02,2.13E-02,0.4136,0.4292,2.56E-03,1.83E-03,0.2974,0.2060,4.82E-03,3.64E-02
GEIM800108,alpha,0.0075,4.71E-01,-0.0116,-0.0776,5.37E-01,7.31E-01,-0.0686,-0.1146,6.79E-01,7.81E-01,-0.0730,-0.1328,7.37E-01,8.76E-01
QIAN880111,alpha,0.0039,4.85E-01,-0.0465,-0.0648,6.44E-01,6.96E-01,-0.1188,0.0196,7.89E-01,4.47E-01,-0.0320,-0.1036,6.10E-01,8.16E-01
BEGF750101,alpha,-0.2302,9.87E-01,-0.1602,-0.1774,8.98E-01,9.20E-01,-0.0441,-0.2356,6.17E-01,9.45E-01,-0.1722,-0.2097,9.33E-01,9.66E-01
QIAN880107,alpha,-0.0701,7.52E-01,-0.0249,-0.0720,5.78E-01,7.16E-01,0.0201,-0.0084,4.46E-01,5.23E-01,-0.0330,-0.1492,6.13E-01,9.03E-01
ISOY800103,alpha,0.0343,3.70E-01,-0.0031,-0.0618,5.10E-01,6.88E-01,-0.0813,-0.1355,7.09E-01,8.21E-01,-0.0852,-0.1431,7.71E-01,8.94E-01
QIAN880138,alpha,-0.0859,7.98E-01,-0.1433,-0.1112,8.72E-01,8.11E-01,-0.1796,-0.1418,8.88E-01,8.32E-01,-0.2500,-0.1154,9.85E-01,8.42E-01
TANS770101,alpha,-0.1619,9.42E-01,-0.1052,-0.1244,7.98E-01,8.38E-01,-0.0379,-0.0275,6.01E-01,5.74E-01,-0.0839,-0.1704,7.67E-01,9.31E-01
RICJ880109,alpha,-0.1794,9.59E-01,-0.1506,-0.1913,8.84E-01,9.35E-01,-0.0497,-0.3142,6.32E-01,9.83E-01,-0.1597,-0.2203,9.18E-01,9.72E-01
FASG760104,alpha,-0.0204,5.79E-01,0.0693,-0.0120,2.92E-01,5.38E-01,-0.0331,-0.1406,5.89E-01,8.29E-01,-0.0945,-0.1050,7.95E-01,8.20E-01
ROBB760107,alpha,0.0627,2.71E-01,0.1450,0.0975,1.25E-01,2.20E-01,0.0568,0.1624,3.50E-01,1.36E-01,0.0458,0.0351,3.45E-01,3.80E-01
ISOY800106,alpha,0.2525,7.12E-03,0.2686,0.2208,1.67E-02,4.01E-02,0.1212,0.1328,2.06E-01,1.84E-01,0.1140,0.1231,1.60E-01,1.42E-01
factor2,alpha,-0.1467,9.23E-01,-0.1066,-0.0978,8.01E-01,7.81E-01,-0.0842,-0.0739,7.16E-01,6.91E-01,-0.1342,-0.1667,8.79E-01,9.27E-01
CHOP780210,alpha,-0.1341,9.04E-01,-0.1117,-0.1444,8.12E-01,8.74E-01,-0.0091,-0.1202,5.25E-01,7.92E-01,-0.1016,-0.1567,8.12E-01,9.14E-01
QIAN880133,alpha,0.0063,4.75E-01,0.0128,-0.0411,4.60E-01,6.27E-01,-0.0054,-0.0816,5.15E-01,7.10E-01,-0.0695,-0.1348,7.27E-01,8.80E-01
AURR980118,alpha,-0.0399,6.51E-01,-0.0796,0.0139,7.36E-01,4.56E-01,0.0454,0.2251,3.79E-01,6.38E-02,-0.0468,-0.0355,6.58E-01,6.21E-01
PRAM900102,alpha,-0.0209,5.81E-01,-0.0301,-0.0665,5.94E-01,7.01E-01,-0.0742,0.0041,6.92E-01,4.89E-01,0.0093,-0.0938,4.68E-01,7.93E-01
PALJ810102,alpha,-0.1882,9.66E-01,-0.1174,-0.1344,8.24E-01,8.57E-01,-0.1069,-0.0635,7.65E-01,6.66E-01,-0.1372,-0.1824,8.84E-01,9.44E-01
PALJ810110,beta,0.0402,3.48E-01,0.0120,0.0631,4.62E-01,3.09E-01,0.0310,0.0262,4.17E-01,4.30E-01,-0.0092,0.0087,5.32E-01,4.70E-01
CHOP780202,beta,0.1656,5.39E-02,0.1764,0.1622,8.11E-02,9.93E-02,0.3438,0.3179,9.98E-03,1.57E-02,0.1453,0.1404,1.03E-01,1.11E-01
QIAN880119,beta,-0.0158,5.61E-01,-0.0097,-0.0419,5.31E-01,6.30E-01,0.0521,-0.0300,3.62E-01,5.80E-01,-0.0817,-0.0933,7.61E-01,7.92E-01
LEVM780102,beta,0.0938,1.81E-01,0.1276,0.1392,1.56E-01,1.35E-01,0.1741,0.0940,1.19E-01,2.62E-01,0.0898,0.0992,2.17E-01,1.94E-01
PARS000102,beta,0.2279,1.35E-02,0.3044,0.3838,7.93E-03,1.18E-03,0.3682,0.4033,6.34E-03,3.16E-03,0.4016,0.3220,2.36E-04,2.53E-03
CRAJ730102,beta,0.1007,1.64E-01,0.0745,0.0492,2.77E-01,3.48E-01,0.2422,0.1724,5.05E-02,1.22E-01,-0.0013,0.0194,5.04E-01,4.33E-01
LIFS790103,beta,0.1425,8.32E-02,0.1410,0.1022,1.32E-01,2.09E-01,0.2617,0.2164,3.82E-02,7.14E-02,0.0457,0.0684,3.46E-01,2.76E-01
LIFS790101,beta,0.1462,7.79E-02,0.1840,0.1329,7.25E-02,1.46E-01,0.2607,0.1748,3.88E-02,1.18E-01,0.0898,0.0806,2.17E-01,2.41E-01
MUNV940104,beta,0.1919,3.13E-02,0.2231,0.1637,3.85E-02,9.73E-02,0.0817,0.1510,2.90E-01,1.53E-01,-0.0165,0.0734,5.57E-01,2.62E-01
PRAM900103,beta,0.0938,1.81E-01,0.1276,0.1392,1.56E-01,1.35E-01,0.1741,0.0940,1.19E-01,2.62E-01,0.0898,0.0992,2.17E-01,1.94E-01
PALJ810112,beta,0.1162,1.30E-01,0.1525,0.1927,1.14E-01,6.34E-02,0.1636,0.1414,1.34E-01,1.69E-01,0.1385,0.1353,1.14E-01,1.20E-01
AVBF000108,beta,-0.0343,6.30E-01,0.0914,0.0825,2.35E-01,2.57E-01,-0.0072,-0.0792,5.20E-01,7.04E-01,-0.0284,-0.0411,5.98E-01,6.40E-01
QIAN880122,beta,0.3675,1.80E-04,0.3774,0.3687,1.39E-03,1.75E-03,0.5146,0.5215,2.47E-04,2.07E-04,0.3477,0.3330,1.24E-03,1.87E-03
AURR980119,beta,0.2257,1.42E-02,0.2446,0.2250,2.63E-02,3.73E-02,0.2676,0.3462,3.50E-02,9.54E-03,0.0960,0.1406,2.02E-01,1.10E-01
CHOP780209,beta,0.2612,5.60E-03,0.2644,0.3044,1.81E-02,7.93E-03,0.3862,0.3848,4.46E-03,4.59E-03,0.2166,0.2445,2.97E-02,1.66E-02
GEIM800105,beta,0.1401,8.68E-02,0.1650,0.1597,9.55E-02,1.03E-01,0.2080,0.2230,7.95E-02,6.55E-02,0.1470,0.1163,1.00E-01,1.56E-01
QIAN880118,beta,0.0230,4.12E-01,-0.0105,-0.0302,5.33E-01,5.95E-01,0.0393,0.0120,3.95E-01,4.68E-01,0.0653,0.0173,2.85E-01,4.40E-01
OOBM850104,beta,-0.0990,8.32E-01,-0.0149,-0.0679,5.47E-01,7.05E-01,-0.0829,-0.0995,7.13E-01,7.50E-01,-0.1214,-0.1118,8.55E-01,8.35E-01
GEIM800107,beta,0.2011,2.55E-02,0.2212,0.2216,3.99E-02,3.96E-02,0.3160,0.3018,1.62E-02,2.05E-02,0.2439,0.2036,1.69E-02,3.81E-02
ISOY800102,beta,0.2038,2.39E-02,0.3438,0.3828,3.23E-03,1.21E-03,0.3535,0.3467,8.35E-03,9.46E-03,0.2382,0.1827,1.91E-02,5.58E-02
TANS770103,beta,0.1141,1.34E-01,0.2169,0.2112,4.28E-02,4.72E-02,0.2925,0.2328,2.38E-02,5.75E-02,0.1917,0.0303,4.76E-02,3.96E-01
GEIM800110,beta,0.1272,1.09E-01,0.0478,0.0372,3.52E-01,3.84E-01,0.0658,0.1433,3.28E-01,1.66E-01,0.0158,0.0449,4.45E-01,3.48E-01
MUNV940103,beta,0.2164,1.78E-02,0.2222,0.2060,3.92E-02,5.13E-02,0.2041,0.2087,8.35E-02,7.88E-02,0.1055,0.1414,1.79E-01,1.09E-01
RACS820111,beta,-0.0846,7.94E-01,-0.1162,-0.0012,8.21E-01,5.04E-01,-0.0350,-0.1043,5.94E-01,7.60E-01,0.0244,-0.0261,4.16E-01,5.90E-01
AVBF000105,beta,0.2035,2.41E-02,0.3032,0.1985,8.15E-03,5.79E-02,0.1475,0.1316,1.59E-01,1.86E-01,0.1426,0.1249,1.07E-01,1.38E-01
NAGK730102,beta,0.1287,1.06E-01,0.2081,0.1963,4.96E-02,6.00E-02,0.3813,0.2825,4.91E-03,2.79E-02,0.1162,0.1444,1.56E-01,1.04E-01
PALJ810103,beta,0.1203,1.21E-01,0.1592,0.1353,1.04E-01,1.42E-01,0.2290,0.1993,6.05E-02,8.86E-02,0.1292,0.1009,1.30E-01,1.90E-01
AVBF000101,beta,0.1518,7.03E-02,0.2389,0.2253,2.92E-02,3.71E-02,0.1687,0.0651,1.27E-01,3.30E-01,0.0734,0.1089,2.61E-01,1.72E-01
PALJ810104,beta,0.1935,3.01E-02,0.2362,0.2272,3.06E-02,3.59E-02,0.3818,0.3510,4.87E-03,8.73E-03,0.1509,0.1870,9.45E-02,5.18E-02
LIFS790102,beta,0.0308,3.82E-01,0.1081,0.0397,1.96E-01,3.77E-01,0.1597,-0.0725,1.40E-01,6.88E-01,0.0319,-0.0559,3.91E-01,6.87E-01
GEIM800106,beta,0.0564,2.92E-01,-0.0549,0.0129,6.68E-01,4.59E-01,0.0312,0.0963,4.16E-01,2.57E-01,0.0160,0.0460,4.45E-01,3.44E-01
KANM800102,beta,0.1806,3.97E-02,0.2515,0.2131,2.32E-02,4.56E-02,0.3525,0.2632,8.50E-03,3.74E-02,0.1737,0.1445,6.52E-02,1.04E-01
MUNV940105,beta,0.1565,6.43E-02,0.1824,0.1406,7.42E-02,1.33E-01,0.0019,0.0762,4.95E-01,3.03E-01,-0.0629,0.0362,7.08E-01,3.76E-01
LEVM780105,beta,0.1065,1.51E-01,0.1672,0.1348,9.26E-02,1.43E-01,0.2280,0.1809,6.13E-02,1.10E-01,0.0778,0.0859,2.49E-01,2.27E-01
OOBM850101,beta,0.0030,4.88E-01,-0.0250,-0.0136,5.78E-01,5.43E-01,-0.0203,-0.0123,5.55E-01,5.33E-01,-0.1931,-0.0706,9.54E-01,7.30E-01
BURA740102,beta,0.1414,8.48E-02,0.1514,0.1412,1.15E-01,1.32E-01,0.2798,0.2327,2.91E-02,5.76E-02,0.1509,0.0210,9.45E-02,4.28E-01
AURR980103,beta,0.0961,1.75E-01,0.1163,0.0653,1.78E-01,3.03E-01,0.0784,0.0920,2.98E-01,2.67E-01,0.1267,-0.0378,1.35E-01,6.29E-01
ROBB760106,beta,0.1257,1.11E-01,0.1229,0.0927,1.65E-01,2.31E-01,0.2498,0.1729,4.54E-02,1.21E-01,0.1328,0.0385,1.24E-01,3.69E-01
ROBB760105,beta,0.1299,1.04E-01,0.1444,0.1470,1.26E-01,1.22E-01,0.3076,0.2134,1.86E-02,7.43E-02,0.1543,0.0540,8.96E-02,3.19E-01
KIMC930101,beta,0.1890,3.33E-02,0.2383,0.1195,2.95E-02,1.72E-01,0.2256,0.0958,6.33E-02,2.58E-01,0.1458,0.0638,1.02E-01,2.89E-01
MAXF760102,beta,0.1812,3.93E-02,0.3103,0.3538,6.98E-03,2.53E-03,0.3296,0.3428,1.28E-02,1.02E-02,0.2461,0.2001,1.61E-02,4.08E-02
KANM800104,beta,0.0994,1.67E-01,0.1545,0.1465,1.10E-01,1.23E-01,0.2622,0.1229,3.79E-02,2.03E-01,0.0989,0.0524,1.95E-01,3.24E-01
CHOP780208,beta,-0.1112,8.60E-01,-0.1351,-0.1571,8.58E-01,8.93E-01,0.0121,-0.1135,4.67E-01,7.79E-01,-0.1804,-0.1427,9.42E-01,8.93E-01
QIAN880120,beta,0.1471,7.67E-02,0.1388,0.1136,1.36E-01,1.84E-01,0.1992,0.1677,8.87E-02,1.28E-01,0.0523,0.0751,3.25E-01,2.57E-01
CHAM830107,beta,0.1335,9.74E-02,0.1191,0.1859,1.73E-01,7.04E-02,0.0563,0.0196,3.52E-01,4.47E-01,0.0325,-0.0125,3.89E-01,5.43E-01
PTIO830102,beta,0.1905,3.22E-02,0.2499,0.2144,2.39E-02,4.47E-02,0.2803,0.2117,2.89E-02,7.59E-02,0.1045,0.1449,1.81E-01,1.04E-01
QIAN880121,beta,0.2367,1.08E-02,0.2530,0.2238,2.25E-02,3.81E-02,0.3320,0.3074,1.23E-02,1.87E-02,0.1647,0.1680,7.58E-02,7.18E-02
ROSM880103,hydro,-0.0768,7.72E-01,-0.1380,-0.1204,8.63E-01,8.30E-01,-0.3643,-0.1848,9.93E-01,8.95E-01,-0.0918,-0.0845,7.88E-01,7.69E-01
ZHOH040101,hydro,0.2352,1.12E-02,0.1940,0.2167,6.22E-02,4.30E-02,0.3550,0.3540,8.12E-03,8.27E-03,0.2201,0.2288,2.77E-02,2.32E-02
BAEK050101,hydro,0.3010,1.74E-03,0.3328,0.3293,4.19E-03,4.54E-03,0.4760,0.5396,6.34E-04,1.30E-04,0.3274,0.3318,2.18E-03,1.94E-03
ARGP820103,hydro,0.1680,5.15E-02,0.1625,0.1880,9.90E-02,6.82E-02,0.1980,0.2957,9.00E-02,2.27E-02,0.0712,0.0922,2.68E-01,2.11E-01
NISK860101,hydro,0.2785,3.43E-03,0.3240,0.3215,5.13E-03,5.43E-03,0.4866,0.4448,4.93E-04,1.30E-03,0.3748,0.2880,5.52E-04,6.07E-03
MIYS990103,hydro,0.3800,1.13E-04,0.4294,0.4106,3.34E-04,5.70E-04,0.6167,0.6035,1.49E-05,2.19E-05,0.4517,0.3657,4.21E-05,7.27E-04
MIYS990102,hydro,0.2998,1.80E-03,0.3215,0.3196,5.43E-03,5.67E-03,0.4978,0.5044,3.76E-04,3.19E-04,0.3618,0.3013,8.17E-04,4.36E-03
ONEK900102,hydro,0.1388,8.89E-02,0.2046,0.1583,5.25E-02,1.05E-01,0.1088,0.2303,2.31E-01,5.94E-02,-0.0093,0.0645,5.32E-01,2.87E-01
RADA880104,hydro,0.0374,3.58E-01,0.2983,0.1594,9.05E-03,1.03E-01,0.4517,0.3027,1.11E-03,2.02E-02,0.0753,0.0248,2.56E-01,4.14E-01
FAUJ880112,hydro,-0.0636,7.31E-01,-0.0683,-0.0075,7.06E-01,5.24E-01,-0.1842,0.0327,8.94E-01,4.13E-01,-0.0777,-0.0818,7.51E-01,7.62E-01
ZIMJ680104,hydro,-0.1741,9.54E-01,-0.0852,-0.2245,7.50E-01,9.62E-01,0.0267,0.0230,4.28E-01,4.38E-01,-0.0313,-0.1980,6.07E-01,9.58E-01
MIYS990104,hydro,0.3790,1.17E-04,0.4230,0.4165,4.01E-04,4.84E-04,0.6180,0.6074,1.43E-05,1.96E-05,0.4610,0.3862,3.00E-05,3.86E-04
MEIH800102,hydro,0.3201,9.42E-04,0.4730,0.4504,8.96E-05,1.79E-04,0.5850,0.5244,3.74E-05,1.92E-04,0.4097,0.3345,1.81E-04,1.80E-03
ZHOH040103,hydro,0.3484,3.60E-04,0.4165,0.4048,4.84E-04,6.71E-04,0.5923,0.5684,3.04E-05,5.96E-05,0.3796,0.3682,4.75E-04,6.75E-04
ARGP820101,hydro,0.0833,2.09E-01,0.0511,0.1302,3.43E-01,1.51E-01,0.1155,0.0561,2.17E-01,3.52E-01,0.0135,0.1251,4.53E-01,1.38E-01
MIYS850101,hydro,0.3045,1.56E-03,0.3467,0.3418,3.01E-03,3.39E-03,0.4850,0.4685,5.11E-04,7.57E-04,0.3635,0.3162,7.76E-04,2.96E-03
factor1,hydro,0.3080,1.39E-03,0.5470,0.4507,7.36E-06,1.78E-04,0.6160,0.5790,1.51E-05,4.42E-05,0.3223,0.2441,2.51E-03,1.68E-02
BEGF750102,hydro,0.0137,4.47E-01,0.0225,0.1034,4.29E-01,2.06E-01,0.3310,0.1572,1.25E-02,1.44E-01,0.0652,0.0708,2.85E-01,2.69E-01
LAWE840101,hydro,0.1808,3.96E-02,0.1776,0.2517,7.97E-02,2.31E-02,0.1492,0.2803,1.56E-01,2.89E-02,0.0039,0.1690,4.86E-01,7.07E-02
PUNT030101,hydro,0.2734,3.97E-03,0.3782,0.3594,1.37E-03,2.21E-03,0.4897,0.5350,4.57E-04,1.46E-04,0.1902,0.2197,4.89E-02,2.79E-02
CHOC760104,hydro,0.1222,1.18E-01,0.2612,0.1954,1.92E-02,6.08E-02,0.3484,0.2603,9.17E-03,3.90E-02,0.0757,0.0673,2.55E-01,2.79E-01
NADH010102,hydro,0.3656,1.93E-04,0.5430,0.4648,8.47E-06,1.15E-04,0.6704,0.6530,2.83E-06,4.94E-06,0.3691,0.3123,6.55E-04,3.28E-03
MONM990201,hydro,0.1580,6.26E-02,0.2130,0.2108,4.57E-02,4.74E-02,0.3716,0.4036,5.94E-03,3.15E-03,0.0100,0.0892,4.65E-01,2.19E-01
NAKH900110,hydro,0.2344,1.14E-02,0.3718,0.3220,1.61E-03,5.37E-03,0.5464,0.5454,1.08E-04,1.11E-04,0.3022,0.2886,4.25E-03,6.00E-03
ROSM880105,hydro,0.3067,1.45E-03,0.4304,0.4016,3.25E-04,7.32E-04,0.5710,0.5830,5.57E-05,3.96E-05,0.2332,0.2937,2.12E-02,5.28E-03
QIAN880127,hydro,0.1590,6.14E-02,0.2440,0.2966,2.66E-02,9.38E-03,0.5050,0.4294,3.15E-04,1.82E-03,0.2920,0.2740,5.51E-03,8.55E-03
YUTK870103,hydro,-0.1057,8.48E-01,-0.0482,-0.0603,6.49E-01,6.84E-01,-0.0001,-0.0436,5.00E-01,6.16E-01,-0.1340,-0.0873,8.78E-01,7.76E-01
JURD980101,hydro,0.2148,1.85E-02,0.3760,0.2917,1.45E-03,1.04E-02,0.4420,0.3906,1.39E-03,4.09E-03,0.1619,0.1282,7.94E-02,1.32E-01
VASM830102,hydro,0.0759,2.30E-01,0.0341,0.1482,3.94E-01,1.20E-01,-0.0031,0.1606,5.08E-01,1.38E-01,-0.0780,0.0845,7.51E-01,2.31E-01
RADA880108,hydro,0.3509,3.29E-04,0.4634,0.4517,1.21E-04,1.73E-04,0.5790,0.5440,4.42E-05,1.15E-04,0.3948,0.3320,2.94E-04,1.92E-03
AVBF000106,hydro,0.1736,4.60E-02,0.2751,0.1057,1.46E-02,2.01E-01,0.0203,0.0737,4.45E-01,3.09E-01,0.1439,0.0898,1.05E-01,2.17E-01
VENT840101,hydro,0.2343,1.15E-02,0.2299,0.2362,3.43E-02,3.06E-02,0.4033,0.4092,3.16E-03,2.80E-03,0.2404,0.2744,1.82E-02,8.45E-03
ROSG850102,hydro,0.3757,1.32E-04,0.4888,0.4727,5.39E-05,9.03E-05,0.6255,0.5860,1.14E-05,3.64E-05,0.4614,0.4014,2.95E-05,2.38E-04
MANP780101,hydro,0.1730,4.65E-02,0.2313,0.2074,3.34E-02,5.02E-02,0.3413,0.2498,1.04E-02,4.54E-02,0.2017,0.1494,3.96E-02,9.67E-02
CORJ870102,hydro,0.3517,3.20E-04,0.3108,0.3694,6.90E-03,1.71E-03,0.4575,0.5205,9.76E-04,2.13E-04,0.3154,0.3596,3.02E-03,8.72E-04
MEEJ800102,hydro,0.2503,7.55E-03,0.2874,0.3555,1.14E-02,2.43E-03,0.4512,0.4670,1.13E-03,7.83E-04,0.1929,0.3360,4.66E-02,1.72E-03
BASU050103,hydro,0.2876,2.62E-03,0.3618,0.3647,2.07E-03,1.93E-03,0.5527,0.5040,9.12E-05,3.23E-04,0.2969,0.2852,4.88E-03,6.52E-03
CIDH920103,hydro,0.2171,1.75E-02,0.2471,0.2703,2.51E-02,1.61E-02,0.3237,0.2454,1.42E-02,4.83E-02,0.1998,0.1870,4.10E-02,5.18E-02
COWR900101,hydro,0.1964,2.83E-02,0.3740,0.2428,1.52E-03,2.72E-02,0.5060,0.4766,3.08E-04,6.27E-04,0.2375,0.2103,1.93E-02,3.35E-02
GRAR740101,hydro,-0.2768,9.96E-01,-0.2830,-0.2368,9.88E-01,9.70E-01,-0.1371,-0.2163,8.23E-01,9.28E-01,-0.2241,-0.2122,9.74E-01,9.68E-01
CORJ870101,hydro,0.2891,2.50E-03,0.3748,0.3547,1.49E-03,2.47E-03,0.4550,0.4185,1.03E-03,2.31E-03,0.3500,0.2893,1.15E-03,5.89E-03
GUYH850101,hydro,0.3505,3.33E-04,0.4707,0.4592,9.60E-05,1.37E-04,0.6170,0.6143,1.47E-05,1.60E-05,0.3335,0.3254,1.85E-03,2.30E-03
RACS770103,hydro,0.3425,4.42E-04,0.4312,0.4326,3.18E-04,3.05E-04,0.5356,0.5470,1.44E-04,1.07E-04,0.4350,0.3223,7.61E-05,2.51E-03
HOPA770101,hydro,0.1698,4.96E-02,0.3818,0.2920,1.24E-03,1.04E-02,0.3520,0.3520,8.58E-03,8.58E-03,0.3438,0.1340,1.38E-03,1.22E-01
BROC820101,hydro,0.1504,7.21E-02,0.1493,0.2163,1.18E-01,4.33E-02,0.3418,0.3870,1.03E-02,4.40E-03,0.0770,0.2075,2.51E-01,3.54E-02
RACS770101,hydro,0.1356,9.39E-02,0.1633,0.1982,9.78E-02,5.81E-02,0.3530,0.2580,8.42E-03,4.03E-02,0.2129,0.1586,3.19E-02,8.37E-02
FAUJ880110,hydro,0.1521,6.98E-02,0.2878,0.2242,1.13E-02,3.78E-02,0.0834,0.2139,2.86E-01,7.38E-02,0.1126,0.1228,1.64E-01,1.43E-01
CORJ870103,hydro,0.2690,4.50E-03,0.2625,0.2874,1.88E-02,1.14E-02,0.4420,0.4410,1.39E-03,1.42E-03,0.3594,0.2358,8.78E-04,2.00E-02
PARS000101,hydro,0.2289,1.31E-02,0.2002,0.2600,5.64E-02,1.97E-02,0.4338,0.4490,1.66E-03,1.18E-03,0.2842,0.2471,6.68E-03,1.57E-02
FINA910104,hydro,0.0893,1.93E-01,0.2208,0.0965,4.01E-02,2.22E-01,0.1898,0.2690,9.94E-02,3.43E-02,-0.0172,0.0470,5.60E-01,3.41E-01
YUTK870104,hydro,-0.1044,8.45E-01,-0.0357,-0.0524,6.11E-01,6.61E-01,0.0265,-0.0178,4.29E-01,5.48E-01,-0.1406,-0.0850,8.90E-01,7.70E-01
PLIV810101,hydro,0.2025,2.46E-02,0.2218,0.2081,3.94E-02,4.96E-02,0.3274,0.2993,1.33E-02,2.14E-02,0.1754,0.1821,6.34E-02,5.64E-02
BHAR880101,hydro,0.1948,2.93E-02,0.2183,0.2225,4.19E-02,3.89E-02,0.3398,0.3232,1.07E-02,1.43E-02,0.0663,0.1147,2.82E-01,1.59E-01
WILM950104,hydro,-0.0702,7.52E-01,0.0831,-0.0562,2.55E-01,6.72E-01,-0.0049,-0.2296,5.13E-01,9.40E-01,-0.0097,-0.1443,5.34E-01,8.95E-01
PONP800105,hydro,0.2109,2.03E-02,0.2646,0.2996,1.80E-02,8.81E-03,0.3188,0.3280,1.54E-02,1.32E-02,0.2086,0.1746,3.47E-02,6.43E-02
ZIMJ680105,hydro,0.2049,2.33E-02,0.2551,0.2950,2.16E-02,9.73E-03,0.4907,0.4478,4.46E-04,1.22E-03,0.1034,0.2413,1.84E-01,1.78E-02
RICJ880111,hydro,0.1280,1.07E-01,0.1187,0.1559,1.73E-01,1.08E-01,0.1103,0.1283,2.28E-01,1.93E-01,0.0739,0.1199,2.60E-01,1.48E-01
AURR980106,hydro,0.0381,3.56E-01,0.0288,-0.0003,4.10E-01,5.01E-01,-0.0877,0.0837,7.24E-01,2.86E-01,-0.0090,-0.0333,5.31E-01,6.14E-01
NADH010105,hydro,0.3141,1.15E-03,0.3906,0.3484,9.85E-04,2.89E-03,0.4348,0.4248,1.62E-03,2.01E-03,0.2764,0.2651,8.07E-03,1.05E-02
FASG890101,hydro,0.3347,5.77E-04,0.4460,0.4236,2.05E-04,3.96E-04,0.5930,0.5440,2.99E-05,1.15E-04,0.4512,0.3474,4.29E-05,1.25E-03
FUKS010104,hydro,0.3890,7.96E-05,0.5170,0.5493,2.10E-05,6.74E-06,0.6904,0.6523,1.47E-06,5.01E-06,0.5070,0.4739,5.11E-06,1.85E-05
CIDH920102,hydro,0.1816,3.90E-02,0.1351,0.2178,1.42E-01,4.22E-02,0.3186,0.2840,1.55E-02,2.73E-02,0.1855,0.1926,5.31E-02,4.68E-02
ZIMJ680103,hydro,0.1050,1.54E-01,0.3700,0.2325,1.68E-03,3.27E-02,0.5370,0.5520,1.38E-04,9.37E-05,0.0848,0.0973,2.30E-01,1.99E-01
TAKK010101,hydro,0.0809,2.16E-01,0.0546,0.1270,3.33E-01,1.57E-01,0.2051,0.1113,8.25E-02,2.26E-01,0.0044,0.1134,4.85E-01,1.62E-01
JANJ790101,hydro,0.2567,6.35E-03,0.4016,0.3450,7.32E-04,3.14E-03,0.4084,0.3367,2.84E-03,1.13E-02,0.2646,0.2219,1.06E-02,2.67E-02
KARP850101,hydro,0.1163,1.29E-01,0.1389,0.2094,1.36E-01,4.86E-02,0.3513,0.2812,8.69E-03,2.84E-02,0.2297,0.1753,2.28E-02,6.35E-02
PONP800108,hydro,0.2981,1.90E-03,0.4070,0.3599,6.31E-04,2.18E-03,0.4960,0.4336,3.92E-04,1.66E-03,0.3955,0.2974,2.87E-04,4.82E-03
CASG920101,hydro,0.3367,5.40E-04,0.4153,0.4255,5.01E-04,3.74E-04,0.5050,0.5186,3.15E-04,2.23E-04,0.3467,0.3635,1.27E-03,7.76E-04
SIMZ760101,hydro,0.1261,1.10E-01,0.0716,0.1746,2.85E-01,8.33E-02,0.1643,0.1685,1.33E-01,1.27E-01,0.0443,0.1660,3.50E-01,7.42E-02
SUEM840102,hydro,0.0985,1.69E-01,0.0886,0.0908,2.41E-01,2.36E-01,0.3257,0.2124,1.37E-02,7.52E-02,0.0909,0.1304,2.14E-01,1.28E-01
RADA880105,hydro,-0.0499,6.86E-01,0.2060,0.0485,5.13E-02,3.51E-01,0.3584,0.1686,7.62E-03,1.27E-01,-0.0096,-0.0797,5.33E-01,7.56E-01
WOLS870101,hydro,0.2230,1.52E-02,0.2966,0.2744,9.38E-03,1.48E-02,0.4143,0.3867,2.52E-03,4.42E-03,0.1814,0.2334,5.71E-02,2.11E-02
PONP800101,hydro,0.2712,4.23E-03,0.3264,0.3360,4.85E-03,3.89E-03,0.4583,0.3920,9.60E-04,3.97E-03,0.3037,0.2391,4.10E-03,1.87E-02
ROBB790101,hydro,0.1361,9.31E-02,0.0994,0.1871,2.16E-01,6.91E-02,0.2622,0.2522,3.79E-02,4.39E-02,0.1833,0.1986,5.52E-02,4.19E-02
NAKH900104,hydro,0.3014,1.72E-03,0.3079,0.3418,7.36E-03,3.39E-03,0.2856,0.4573,2.66E-02,9.81E-04,0.1663,0.2134,7.39E-02,3.16E-02
KRIW790101,hydro,0.3779,1.22E-04,0.4553,0.3967,1.55E-04,8.36E-04,0.5770,0.5770,4.66E-05,4.66E-05,0.3074,0.3208,3.73E-03,2.61E-03
NADH010103,hydro,0.3859,8.98E-05,0.5317,0.4710,1.26E-05,9.53E-05,0.6720,0.6553,2.70E-06,4.57E-06,0.3926,0.3545,3.16E-04,1.01E-03
YANJ020101,hydro,0.0708,2.46E-01,0.1207,0.1710,1.69E-01,8.77E-02,0.2007,0.1663,8.71E-02,1.30E-01,0.0502,0.1097,3.31E-01,1.70E-01
CIDH920101,hydro,0.1894,3.30E-02,0.1548,0.2200,1.10E-01,4.07E-02,0.2917,0.2930,2.41E-02,2.37E-02,0.2073,0.1503,3.56E-02,9.54E-02
WERD780101,hydro,0.3566,2.68E-04,0.4148,0.3960,5.08E-04,8.52E-04,0.5513,0.5156,9.49E-05,2.41E-04,0.4548,0.3540,3.75E-05,1.03E-03
NAKH900108,hydro,0.3564,2.70E-04,0.3567,0.3665,2.36E-03,1.85E-03,0.4106,0.4966,2.72E-03,3.87E-04,0.2761,0.3022,8.11E-03,4.25E-03
WOLR810101,hydro,0.0150,4.42E-01,0.2284,0.1304,3.52E-02,1.51E-01,0.3389,0.2568,1.09E-02,4.10E-02,-0.0212,-0.0071,5.73E-01,5.25E-01
RACS770102,hydro,0.2688,4.54E-03,0.3880,0.3706,1.06E-03,1.66E-03,0.5215,0.4539,2.07E-04,1.06E-03,0.3384,0.2637,1.61E-03,1.09E-02
NAKH900113,hydro,0.0867,2.00E-01,0.2284,0.2043,3.52E-02,5.27E-02,0.2485,0.1287,4.62E-02,1.92E-01,0.2424,0.0985,1.74E-02,1.96E-01
PONP800104,hydro,0.0335,3.73E-01,0.0753,0.0652,2.76E-01,3.03E-01,0.0830,0.0307,2.87E-01,4.18E-01,0.0139,0.0001,4.52E-01,5.00E-01
KLEP840101,hydro,-0.2131,9.81E-01,-0.1705,-0.2703,9.12E-01,9.84E-01,-0.0852,-0.0228,7.18E-01,5.61E-01,-0.0652,-0.2373,7.15E-01,9.81E-01
PONP930101,hydro,0.2262,1.40E-02,0.2820,0.2642,1.27E-02,1.82E-02,0.4136,0.3413,2.56E-03,1.04E-02,0.2705,0.2156,9.26E-03,3.03E-02
DESM900101,hydro,0.3019,1.69E-03,0.3418,0.3613,3.39E-03,2.10E-03,0.4756,0.5605,6.41E-04,7.38E-05,0.2043,0.2134,3.76E-02,3.16E-02
RICJ880108,hydro,0.1691,5.04E-02,0.1897,0.1271,6.64E-02,1.57E-01,0.3115,0.2646,1.75E-02,3.66E-02,0.1895,0.0819,4.95E-02,2.38E-01
MEIH800101,hydro,0.2107,2.04E-02,0.2860,0.3064,1.18E-02,7.60E-03,0.4700,0.3760,7.32E-04,5.46E-03,0.2776,0.2380,7.83E-03,1.91E-02
MEEJ800101,hydro,0.1260,1.11E-01,0.1238,0.1794,1.63E-01,7.76E-02,0.1384,0.2632,1.74E-01,3.74E-02,0.0772,0.1381,2.51E-01,1.15E-01
GEOR030105,hydro,0.2574,6.22E-03,0.3757,0.4402,1.46E-03,2.44E-04,0.4749,0.4177,6.53E-04,2.34E-03,0.4548,0.3398,3.75E-05,1.55E-03
JANJ780101,hydro,0.2205,1.61E-02,0.4970,0.3691,4.11E-05,1.72E-03,0.6465,0.5760,6.02E-06,4.79E-05,0.2856,0.1638,6.45E-03,7.69E-02
ZHOH040102,hydro,0.1023,1.60E-01,0.0466,0.0404,3.56E-01,3.75E-01,0.2192,0.1471,6.89E-02,1.60E-01,0.0565,0.0548,3.11E-01,3.17E-01
LEVM760101,hydro,0.3451,4.04E-04,0.5596,0.5160,4.64E-06,2.17E-05,0.7183,0.7000,5.79E-07,1.07E-06,0.3066,0.3613,3.80E-03,8.29E-04
FUKS010101,hydro,0.3413,4.60E-04,0.5350,0.5290,1.12E-05,1.40E-05,0.6377,0.6280,7.90E-06,1.06E-05,0.4265,0.3792,1.02E-04,4.82E-04
QIAN880116,hydro,0.0031,4.88E-01,-0.0210,-0.0374,5.66E-01,6.16E-01,0.0238,0.0279,4.36E-01,4.25E-01,0.0685,-0.0721,2.76E-01,7.35E-01
KYTJ820101,hydro,0.1921,3.11E-02,0.3450,0.2764,3.14E-03,1.43E-02,0.4277,0.3733,1.89E-03,5.75E-03,0.1395,0.1180,1.12E-01,1.52E-01
JOND750101,hydro,0.0828,2.11E-01,0.0506,0.1299,3.44E-01,1.52E-01,0.1144,0.0554,2.19E-01,3.54E-01,0.0136,0.1254,4.53E-01,1.38E-01
GOLD730101,hydro,0.1189,1.24E-01,0.0548,0.1439,3.32E-01,1.27E-01,0.1880,0.1904,1.02E-01,9.87E-02,0.0035,0.1294,4.88E-01,1.30E-01
EISD840101,hydro,0.1440,8.10E-02,0.3860,0.2769,1.11E-03,1.41E-02,0.5300,0.4824,1.67E-04,5.45E-04,0.1372,0.1118,1.16E-01,1.65E-01
COSI940101,hydro,-0.1310,8.98E-01,-0.0894,-0.0968,7.61E-01,7.78E-01,-0.0216,-0.1428,5.58E-01,8.33E-01,-0.0858,-0.0729,7.72E-01,7.37E-01
KUHL950101,hydro,0.1988,2.68E-02,0.4092,0.3306,5.94E-04,4.41E-03,0.4006,0.4014,3.34E-03,3.29E-03,0.1582,0.1696,8.42E-02,7.00E-02
EISD860103,hydro,0.1077,1.48E-01,0.3052,0.2258,7.81E-03,3.68E-02,0.3057,0.2490,1.93E-02,4.59E-02,0.1709,0.1058,6.84E-02,1.78E-01
AURR980104,hydro,0.0381,3.56E-01,0.0630,0.0541,3.09E-01,3.34E-01,0.0380,0.0268,3.99E-01,4.28E-01,0.0358,0.0038,3.78E-01,4.87E-01
ISOY800107,hydro,0.0948,1.79E-01,0.2108,0.2507,4.74E-02,2.35E-02,0.2446,0.3160,4.88E-02,1.62E-02,-0.0861,0.1036,7.73E-01,1.83E-01
FUKS010102,hydro,0.3492,3.49E-04,0.4673,0.5054,1.07E-04,3.12E-05,0.5894,0.5684,3.30E-05,5.96E-05,0.4417,0.3680,6.03E-05,6.80E-04
RADA880107,hydro,0.0730,2.39E-01,0.3438,0.1978,3.23E-03,5.86E-02,0.4550,0.4006,1.03E-03,3.34E-03,0.0748,0.0243,2.57E-01,4.16E-01
BROC820102,hydro,0.0286,3.91E-01,-0.0219,0.0775,5.69E-01,2.70E-01,0.2374,0.1840,5.40E-02,1.06E-01,-0.0185,0.0781,5.64E-01,2.48E-01
FINA910103,hydro,-0.1056,8.47E-01,-0.0272,-0.1112,5.85E-01,8.11E-01,0.1654,0.1106,1.31E-01,2.27E-01,0.0145,-0.0881,4.50E-01,7.79E-01
WARP780101,hydro,0.2612,5.61E-03,0.4585,0.4038,1.40E-04,6.89E-04,0.5320,0.5117,1.57E-04,2.66E-04,0.2810,0.2212,7.22E-03,2.71E-02
RADA880101,hydro,0.1266,1.09E-01,0.3193,0.2498,5.70E-03,2.39E-02,0.4014,0.3840,3.29E-03,4.66E-03,0.0556,0.1085,3.14E-01,1.72E-01
EISD860101,hydro,0.2519,7.24E-03,0.3792,0.3694,1.33E-03,1.71E-03,0.4832,0.5103,5.36E-04,2.76E-04,0.1134,0.2478,1.62E-01,1.55E-02
VINM940103,hydro,0.3451,4.03E-04,0.3916,0.4106,9.59E-04,5.70E-04,0.5230,0.5750,2.00E-04,4.93E-05,0.3064,0.3584,3.82E-03,9.04E-04
OLSK800101,hydro,0.0511,3.10E-01,0.2157,0.1323,4.37E-02,1.47E-01,0.2435,0.1326,4.96E-02,1.85E-01,0.0514,-0.0224,3.27E-01,5.77E-01
CHOC760103,hydro,0.1446,8.01E-02,0.3123,0.2338,6.68E-03,3.20E-02,0.3748,0.2678,5.59E-03,3.49E-02,0.1521,0.0822,9.27E-02,2.37E-01
RADA880102,hydro,0.2951,2.09E-03,0.3655,0.3774,1.89E-03,1.39E-03,0.5254,0.5040,1.88E-04,3.23E-04,0.2245,0.3167,2.53E-02,2.92E-03
JACR890101,hydro,0.0791,2.21E-01,0.3403,0.2390,3.51E-03,2.91E-02,0.5205,0.5000,2.13E-04,3.56E-04,0.0134,0.0670,4.53E-01,2.80E-01
WIMW960101,hydro,0.2743,3.87E-03,0.2329,0.3062,3.25E-02,7.64E-03,0.2515,0.4365,4.43E-02,1.56E-03,0.2362,0.2998,1.99E-02,4.53E-03
TANS770108,hydro,0.0632,2.70E-01,0.0398,0.0535,3.76E-01,3.36E-01,0.0100,-0.0674,4.73E-01,6.76E-01,0.0115,0.0269,4.60E-01,4.08E-01
CHOC760102,hydro,0.1689,5.05E-02,0.4158,0.2969,4.94E-04,9.34E-03,0.5547,0.4727,8.65E-05,6.87E-04,0.2461,0.1190,1.61E-02,1.50E-01
MIYS990105,hydro,0.3894,7.84E-05,0.4485,0.4485,1.90E-04,1.90E-04,0.6180,0.6177,1.43E-05,1.45E-05,0.4960,0.4210,7.84E-06,1.24E-04
NAKH900106,hydro,0.2571,6.28E-03,0.2634,0.3050,1.84E-02,7.85E-03,0.2161,0.3872,7.18E-02,4.38E-03,0.1066,0.1589,1.77E-01,8.32E-02
PONP800103,hydro,0.3928,6.85E-05,0.4940,0.4495,4.56E-05,1.85E-04,0.5747,0.5513,4.99E-05,9.49E-05,0.4185,0.3306,1.35E-04,2.00E-03
DESM900102,hydro,0.3103,1.29E-03,0.4302,0.3940,3.27E-04,8.99E-04,0.4678,0.5340,7.70E-04,1.49E-04,0.2466,0.2134,1.59E-02,3.16E-02
JANJ780103,hydro,0.2873,2.64E-03,0.5166,0.4124,2.13E-05,5.44E-04,0.6484,0.5986,5.67E-06,2.53E-05,0.3657,0.2451,7.27E-04,1.64E-02
NISK800101,hydro,0.2864,2.72E-03,0.3567,0.3394,2.36E-03,3.59E-03,0.4620,0.4190,8.82E-04,2.28E-03,0.3628,0.2860,7.93E-04,6.41E-03
FASG760105,hydro,-0.0310,6.18E-01,0.0626,0.0448,3.10E-01,3.61E-01,0.0778,0.0817,2.99E-01,2.90E-01,-0.0023,0.0290,5.08E-01,4.00E-01
TANS770106,hydro,-0.0476,6.78E-01,0.0000,-0.0703,5.00E-01,7.11E-01,-0.1188,-0.1380,7.89E-01,8.25E-01,-0.1193,-0.0709,8.50E-01,7.32E-01
MEEJ810101,hydro,0.2378,1.05E-02,0.2560,0.2754,2.12E-02,1.46E-02,0.3662,0.3862,6.58E-03,4.46E-03,0.2717,0.2910,9.00E-03,5.65E-03
QIAN880126,hydro,0.0123,4.53E-01,0.0463,-0.0260,3.57E-01,5.82E-01,0.0928,0.0641,2.65E-01,3.32E-01,0.1221,-0.0586,1.44E-01,6.95E-01
WERD780103,hydro,0.0335,3.72E-01,0.0875,-0.0235,2.44E-01,5.74E-01,0.1346,0.0981,1.81E-01,2.53E-01,0.0505,-0.0208,3.30E-01,5.72E-01
ROSM880104,hydro,0.1089,1.45E-01,0.0889,0.1552,2.41E-01,1.09E-01,0.1610,0.1602,1.38E-01,1.39E-01,0.1396,0.1937,1.12E-01,4.58E-02
BULH740101,hydro,0.2965,1.99E-03,0.2732,0.2898,1.52E-02,1.08E-02,0.3813,0.4233,4.91E-03,2.08E-03,0.2397,0.3003,1.84E-02,4.47E-03
BASU050102,hydro,0.2968,1.98E-03,0.2990,0.2890,8.91E-03,1.10E-02,0.4420,0.4414,1.39E-03,1.40E-03,0.3350,0.2822,1.77E-03,7.01E-03
BASU050101,hydro,0.2304,1.27E-02,0.2180,0.2422,4.21E-02,2.75E-02,0.4275,0.4067,1.90E-03,2.95E-03,0.2270,0.2089,2.40E-02,3.45E-02
WOEC730101,hydro,0.2967,1.99E-03,0.4092,0.3818,5.94E-04,1.24E-03,0.3784,0.4546,5.20E-03,1.04E-03,0.2742,0.2285,8.50E-03,2.33E-02
FINA910101,hydro,-0.1209,8.80E-01,-0.1079,-0.1600,8.04E-01,8.98E-01,-0.1831,-0.2021,8.92E-01,9.14E-01,0.0067,-0.1499,4.77E-01,9.04E-01
OOBM770101,hydro,0.2858,2.76E-03,0.5024,0.4200,3.44E-05,4.39E-04,0.5710,0.5390,5.57E-05,1.31E-04,0.3242,0.2256,2.38E-03,2.48E-02
MONM990101,hydro,0.1805,3.98E-02,0.2732,0.2424,1.52E-02,2.74E-02,0.4302,0.5060,1.79E-03,3.08E-04,0.0312,0.0919,3.93E-01,2.12E-01
AURR980105,hydro,0.0787,2.22E-01,0.1339,0.1069,1.44E-01,1.98E-01,0.0890,0.0305,2.73E-01,4.18E-01,0.1934,0.0494,4.62E-02,3.34E-01
WILM950101,hydro,0.2375,1.06E-02,0.2651,0.2411,1.78E-02,2.81E-02,0.4683,0.5166,7.62E-04,2.35E-04,0.2750,0.2944,8.35E-03,5.19E-03
RICJ880104,hydro,0.0012,4.96E-01,-0.0281,-0.0875,5.88E-01,7.56E-01,-0.3179,-0.1697,9.84E-01,8.75E-01,-0.1490,-0.1261,9.03E-01,8.64E-01
BIOV880101,hydro,0.3528,3.07E-04,0.4548,0.4636,1.57E-04,1.20E-04,0.6143,0.5790,1.60E-05,4.42E-05,0.4565,0.4026,3.53E-05,2.28E-04
CORJ870107,hydro,0.2459,8.48E-03,0.2207,0.2673,4.02E-02,1.71E-02,0.4414,0.4340,1.40E-03,1.65E-03,0.3232,0.2233,2.45E-03,2.60E-02
SNEP660102,hydro,0.0470,3.24E-01,0.2540,0.1237,2.21E-02,1.64E-01,0.0689,0.1345,3.20E-01,1.81E-01,0.0708,0.0000,2.69E-01,5.00E-01
PUNT030102,hydro,0.1768,4.30E-02,0.2578,0.2420,2.05E-02,2.76E-02,0.4238,0.3990,2.06E-03,3.46E-03,0.0922,0.1611,2.11E-01,8.03E-02
HOPT810101,hydro,0.3634,2.10E-04,0.5340,0.4973,1.16E-05,4.07E-05,0.6930,0.6920,1.36E-06,1.40E-06,0.3193,0.3623,2.72E-03,8.05E-04
GEOR030107,hydro,0.1838,3.72E-02,0.2375,0.1785,2.99E-02,7.87E-02,0.1759,0.1338,1.17E-01,1.83E-01,0.1763,0.0824,6.24E-02,2.37E-01
VHEG790101,hydro,0.0947,1.79E-01,0.2632,0.2095,1.85E-02,4.85E-02,0.4058,0.4194,3.01E-03,2.26E-03,-0.0056,0.0929,5.19E-01,2.09E-01
PARJ860101,hydro,0.2035,2.41E-02,0.1974,0.2179,5.89E-02,4.21E-02,0.3350,0.3190,1.17E-02,1.54E-02,0.2188,0.2017,2.84E-02,3.96E-02
GUYH850105,hydro,0.0645,2.66E-01,0.2742,0.1554,1.49E-02,1.09E-01,0.3809,0.3057,4.96E-03,1.93E-02,0.0649,-0.0092,2.86E-01,5.32E-01
VELV850101,hydro,-0.1311,8.98E-01,-0.0895,-0.0970,7.61E-01,7.79E-01,-0.0219,-0.1428,5.59E-01,8.33E-01,-0.0859,-0.0730,7.73E-01,7.37E-01
WOLR790101,hydro,0.0083,4.68E-01,0.2412,0.1285,2.80E-02,1.54E-01,0.3530,0.2637,8.42E-03,3.71E-02,-0.0217,-0.0116,5.75E-01,5.40E-01
FASG760102,hydro,0.0505,3.12E-01,0.0725,0.1210,2.83E-01,1.69E-01,0.3323,0.2550,1.22E-02,4.22E-02,0.1187,0.0923,1.51E-01,2.11E-01
VINM940101,hydro,0.3248,8.08E-04,0.3870,0.4192,1.09E-03,4.48E-04,0.6050,0.5625,2.10E-05,7.00E-05,0.4463,0.3828,5.11E-05,4.30E-04
FAUJ880111,hydro,-0.0696,7.50E-01,0.1421,-0.0597,1.30E-01,6.82E-01,0.4120,0.3457,2.63E-03,9.63E-03,0.0232,-0.0674,4.20E-01,7.21E-01
FAUJ880108,hydro,-0.1912,9.68E-01,-0.1521,-0.1387,8.86E-01,8.64E-01,-0.1025,-0.1357,7.56E-01,8.21E-01,-0.0980,-0.0840,8.03E-01,7.68E-01
BLAS910101,hydro,0.2752,3.77E-03,0.4026,0.3625,7.12E-04,2.04E-03,0.4758,0.5312,6.38E-04,1.61E-04,0.1913,0.2668,4.79E-02,1.01E-02
RICJ880105,hydro,0.0080,4.69E-01,-0.0009,0.0249,5.03E-01,4.22E-01,0.0354,0.0996,4.05E-01,2.50E-01,-0.0533,-0.0555,6.79E-01,6.86E-01
WILM950102,hydro,0.1674,5.21E-02,0.1866,0.2306,6.96E-02,3.39E-02,0.3718,0.3916,5.91E-03,4.01E-03,0.2150,0.2482,3.06E-02,1.54E-02
RICJ880106,hydro,-0.1786,9.59E-01,-0.0591,-0.0385,6.80E-01,6.20E-01,-0.2656,-0.0787,9.64E-01,7.03E-01,-0.0493,-0.1350,6.66E-01,8.80E-01
JOND750102,hydro,-0.1790,9.59E-01,-0.1061,-0.1215,8.00E-01,8.32E-01,-0.0335,-0.1107,5.90E-01,7.73E-01,-0.1304,-0.1048,8.72E-01,8.19E-01
VINM940102,hydro,0.2157,1.81E-02,0.2266,0.2542,3.63E-02,2.20E-02,0.4214,0.3716,2.17E-03,5.94E-03,0.2935,0.1948,5.31E-03,4.49E-02
SWER830101,hydro,0.3516,3.21E-04,0.3130,0.3690,6.57E-03,1.74E-03,0.4575,0.5225,9.76E-04,2.02E-04,0.3145,0.3560,3.10E-03,9.71E-04
MEEJ810102,hydro,0.2551,6.63E-03,0.2842,0.2915,1.22E-02,1.05E-02,0.4230,0.4587,2.09E-03,9.49E-04,0.2783,0.3242,7.70E-03,2.38E-03
OOBM850105,hydro,0.1431,8.24E-02,0.2114,0.1718,4.70E-02,8.68E-02,0.4429,0.3916,1.36E-03,4.01E-03,0.2427,0.1212,1.73E-02,1.46E-01
GEOR030103,hydro,0.0902,1.91E-01,0.0693,0.1196,2.92E-01,1.72E-01,-0.0541,0.0945,6.43E-01,2.61E-01,-0.0368,0.0535,6.26E-01,3.21E-01
ROSM880102,hydro,0.2179,1.72E-02,0.4724,0.3623,9.10E-05,2.05E-03,0.4753,0.4458,6.45E-04,1.27E-03,0.2156,0.1914,3.03E-02,4.78E-02
CHOP780204,hydro,-0.0706,7.54E-01,-0.1262,-0.1396,8.41E-01,8.66E-01,-0.2666,-0.1234,9.64E-01,7.98E-01,-0.1086,-0.1293,8.28E-01,8.70E-01
NADH010101,hydro,0.2145,1.87E-02,0.3345,0.2874,4.03E-03,1.14E-02,0.3267,0.3750,1.35E-02,5.56E-03,0.0951,0.1292,2.04E-01,1.30E-01
KIDA850101,hydro,0.3391,4.96E-04,0.5760,0.5100,2.50E-06,2.69E-05,0.6850,0.6787,1.76E-06,2.16E-06,0.3809,0.3650,4.57E-04,7.43E-04
PONP800107,hydro,0.0604,2.79E-01,0.1860,0.1032,7.03E-02,2.07E-01,0.2764,0.0922,3.07E-02,2.66E-01,0.1460,0.0771,1.02E-01,2.51E-01
QIAN880128,hydro,0.1048,1.55E-01,0.0842,0.0860,2.52E-01,2.48E-01,0.1931,0.2583,9.55E-02,4.02E-02,0.1686,0.0460,7.11E-02,3.44E-01
NADH010104,hydro,0.3814,1.06E-04,0.5127,0.4556,2.43E-05,1.54E-04,0.6553,0.6320,4.57E-06,9.44E-06,0.3938,0.3574,3.04E-04,9.30E-04
KRIW710101,hydro,0.3611,2.28E-04,0.4285,0.3606,3.44E-04,2.14E-03,0.5100,0.4717,2.79E-04,7.03E-04,0.3137,0.2369,3.16E-03,1.96E-02
KRIW790102,hydro,0.4063,4.00E-05,0.4810,0.4365,6.94E-05,2.72E-04,0.6284,0.6123,1.05E-05,1.70E-05,0.4849,0.3882,1.22E-05,3.63E-04
CORJ870104,hydro,0.2259,1.41E-02,0.1903,0.2330,6.58E-02,3.24E-02,0.3848,0.3972,4.59E-03,3.58E-03,0.2960,0.1637,5.00E-03,7.71E-02
RACS820103,hydro,0.2512,7.37E-03,0.4233,0.3518,3.98E-04,2.66E-03,0.4683,0.4607,7.62E-04,9.07E-04,0.2249,0.1865,2.51E-02,5.22E-02
PALJ810111,hydro,0.1499,7.28E-02,0.1090,0.2184,1.94E-01,4.18E-02,0.2427,0.2092,5.02E-02,7.83E-02,0.1016,0.2207,1.88E-01,2.73E-02
GUYH850103,hydro,0.1455,7.89E-02,0.0997,0.1869,2.15E-01,6.93E-02,0.2568,0.2515,4.10E-02,4.43E-02,0.1824,0.2054,5.62E-02,3.68E-02
GRAR740102,hydro,0.3470,3.78E-04,0.4434,0.4050,2.22E-04,6.66E-04,0.4575,0.5054,9.76E-04,3.11E-04,0.3370,0.3000,1.68E-03,4.50E-03
JANJ780102,hydro,0.2756,3.73E-03,0.4832,0.3960,6.46E-05,8.52E-04,0.5444,0.4817,1.14E-04,5.55E-04,0.3090,0.2194,3.56E-03,2.81E-02
GUOD860101,hydro,0.2409,9.67E-03,0.2970,0.2220,9.29E-03,3.93E-02,0.4368,0.4175,1.55E-03,2.35E-03,0.2540,0.2446,1.35E-02,1.66E-02
YUTK870101,hydro,0.1318,1.00E-01,0.2073,0.1584,5.03E-02,1.05E-01,0.1768,0.0953,1.16E-01,2.59E-01,0.0995,0.0756,1.93E-01,2.55E-01
CIDH920105,hydro,0.2132,1.92E-02,0.2213,0.2790,3.98E-02,1.35E-02,0.3530,0.2917,8.42E-03,2.41E-02,0.2284,0.2363,2.34E-02,1.98E-02
ROSM880101,hydro,0.1789,4.12E-02,0.3909,0.3188,9.78E-04,5.77E-03,0.4390,0.4420,1.48E-03,1.39E-03,0.1249,0.1748,1.38E-01,6.40E-02
OOBM850103,hydro,-0.0332,6.27E-01,0.0911,-0.0323,2.35E-01,6.01E-01,-0.0028,-0.1102,5.08E-01,7.72E-01,-0.0099,-0.1085,5.34E-01,8.28E-01
VASM830103,hydro,0.0754,2.32E-01,0.0133,0.1573,4.58E-01,1.06E-01,0.1458,0.1672,1.62E-01,1.29E-01,-0.0323,0.1848,6.11E-01,5.38E-02
FAUJ880109,hydro,-0.0052,5.20E-01,0.2247,0.1029,3.75E-02,2.07E-01,0.3480,0.2603,9.25E-03,3.90E-02,-0.0042,-0.0312,5.15E-01,6.07E-01
NOZY710101,hydro,0.2540,6.84E-03,0.2603,0.2717,1.96E-02,1.57E-02,0.4556,0.4287,1.02E-03,1.85E-03,0.2126,0.3096,3.21E-02,3.52E-03
FUKS010103,hydro,0.0277,3.94E-01,0.0116,0.0336,4.63E-01,3.95E-01,0.2264,0.1775,6.26E-02,1.15E-01,0.1428,-0.0314,1.07E-01,6.08E-01
QIAN880114,hydro,-0.0529,6.96E-01,-0.0742,-0.0305,7.22E-01,5.96E-01,0.0172,-0.0595,4.54E-01,6.56E-01,0.0035,-0.0474,4.88E-01,6.60E-01
PONP800106,hydro,0.2447,8.77E-03,0.2352,0.1913,3.12E-02,6.48E-02,0.2942,0.3442,2.32E-02,9.89E-03,0.2468,0.0833,1.58E-02,2.34E-01
EISD860102,hydro,-0.0391,6.48E-01,0.2625,0.1119,1.88E-02,1.88E-01,0.5137,0.4016,2.53E-04,3.27E-03,-0.0282,-0.0503,5.97E-01,6.69E-01
PONP800102,hydro,0.3341,5.91E-04,0.4120,0.3960,5.47E-04,8.52E-04,0.5170,0.4756,2.32E-04,6.41E-04,0.3577,0.2861,9.24E-04,6.37E-03
CHAM820102,hydro,0.1211,1.20E-01,0.1282,0.0981,1.55E-01,2.18E-01,-0.0829,0.0559,7.13E-01,3.53E-01,0.1077,0.0108,1.74E-01,4.63E-01
PRAM820101,hydro,-0.0089,5.34E-01,-0.0234,0.0436,5.74E-01,3.65E-01,0.2605,0.2133,3.89E-02,7.44E-02,0.0535,0.0382,3.21E-01,3.70E-01
ARGP820102,hydro,0.2355,1.11E-02,0.2520,0.2367,2.30E-02,3.04E-02,0.1982,0.3188,8.98E-02,1.54E-02,0.1410,0.1084,1.10E-01,1.73E-01
FAUJ830101,hydro,0.3506,3.32E-04,0.5020,0.4500,3.49E-05,1.82E-04,0.5820,0.5550,4.07E-05,8.54E-05,0.3470,0.3452,1.26E-03,1.33E-03
KHAG800101,hydro,0.0366,3.61E-01,-0.0022,0.0450,5.07E-01,3.61E-01,0.0105,0.0142,4.72E-01,4.62E-01,0.0792,0.0692,2.45E-01,2.74E-01
KOEP990102,hydro,-0.0769,7.72E-01,-0.0880,-0.0639,7.57E-01,6.94E-01,-0.1113,-0.0564,7.74E-01,6.49E-01,-0.0960,-0.0732,7.98E-01,7.38E-01
ENGD860101,hydro,0.1849,3.63E-02,0.4460,0.3590,2.05E-04,2.23E-03,0.5576,0.5810,7.99E-05,4.18E-05,0.1287,0.1360,1.31E-01,1.18E-01
AURR980107,hydro,-0.1159,8.70E-01,-0.1282,-0.1394,8.45E-01,8.65E-01,-0.1757,-0.0224,8.83E-01,5.60E-01,-0.1237,-0.1750,8.59E-01,9.36E-01
QIAN880115,hydro,-0.0093,5.36E-01,0.0297,-0.0189,4.07E-01,5.60E-01,0.1052,0.0349,2.38E-01,4.07E-01,0.1238,-0.0141,1.41E-01,5.49E-01
BIOV880102,hydro,0.3719,1.53E-04,0.5117,0.4990,2.52E-05,3.85E-05,0.6570,0.6255,4.30E-06,1.14E-05,0.4912,0.4277,9.50E-06,9.82E-05
VINM940104,hydro,0.2550,6.65E-03,0.3667,0.3540,1.83E-03,2.52E-03,0.5527,0.5000,9.12E-05,3.56E-04,0.3677,0.2890,6.85E-04,5.93E-03
NADH010106,hydro,0.2353,1.12E-02,0.3386,0.2590,3.65E-03,2.01E-02,0.3780,0.3486,5.25E-03,9.13E-03,0.2162,0.1853,2.99E-02,5.34E-02
WILM950103,hydro,0.1646,5.51E-02,0.3052,0.2708,7.81E-03,1.60E-02,0.3271,0.2424,1.34E-02,5.04E-02,0.2161,0.1494,3.00E-02,9.67E-02
AVBF000109,hydro,0.0519,3.07E-01,-0.0192,0.0598,5.60E-01,3.18E-01,0.1787,0.1628,1.13E-01,1.35E-01,-0.0434,0.1036,6.47E-01,1.83E-01
CIDH920104,hydro,0.2444,8.82E-03,0.3162,0.3264,6.13E-03,4.85E-03,0.3580,0.3052,7.69E-03,1.94E-02,0.2412,0.2585,1.79E-02,1.22E-02
YUTK870102,hydro,0.1341,9.64E-02,0.2180,0.2178,4.21E-02,4.22E-02,0.2695,0.2489,3.40E-02,4.60E-02,0.0296,0.1159,3.98E-01,1.56E-01
OOBM770103,hydro,0.2708,4.28E-03,0.3337,0.3582,4.10E-03,2.27E-03,0.4834,0.4377,5.33E-04,1.52E-03,0.3910,0.3606,3.31E-04,8.47E-04
WERD780104,hydro,-0.0926,8.16E-01,-0.0385,-0.0637,6.20E-01,6.93E-01,-0.0613,0.0000,6.61E-01,5.00E-01,-0.0920,-0.1138,7.89E-01,8.39E-01
MIYS990101,hydro,0.3003,1.78E-03,0.3196,0.3203,5.67E-03,5.58E-03,0.4963,0.5054,3.89E-04,3.11E-04,0.3591,0.3030,8.85E-04,4.17E-03
KARP850102,hydro,0.2657,4.94E-03,0.2563,0.2896,2.11E-02,1.09E-02,0.3833,0.4175,4.73E-03,2.35E-03,0.1780,0.2045,6.06E-02,3.75E-02
ROBB760102,hydro,-0.0333,6.27E-01,-0.1140,-0.1376,8.17E-01,8.62E-01,-0.3080,-0.1367,9.82E-01,8.23E-01,-0.0944,-0.0752,7.94E-01,7.44E-01
PRAM900101,hydro,0.1847,3.65E-02,0.4460,0.3586,2.05E-04,2.25E-03,0.5576,0.5806,7.99E-05,4.24E-05,0.1279,0.1357,1.33E-01,1.19E-01
JANJ790102,hydro,0.2739,3.92E-03,0.5290,0.4202,1.40E-05,4.36E-04,0.6504,0.5810,5.33E-06,4.18E-05,0.3325,0.2229,1.90E-03,2.62E-02
RACS820101,hydro,0.1257,1.11E-01,0.1605,0.1423,1.02E-01,1.30E-01,0.2146,0.1980,7.31E-02,9.00E-02,-0.0523,0.0314,6.76E-01,3.92E-01
MEIH800103,hydro,0.3373,5.28E-04,0.4348,0.4229,2.86E-04,4.04E-04,0.4717,0.4580,7.03E-04,9.65E-04,0.4478,0.3428,4.85E-05,1.42E-03
GUYH850102,hydro,0.3189,9.80E-04,0.4043,0.3490,6.80E-04,2.84E-03,0.5040,0.4443,3.23E-04,1.31E-03,0.4292,0.2903,9.33E-05,5.75E-03
ZIMJ680101,hydro,0.1619,5.80E-02,0.1039,0.2507,2.05E-01,2.35E-02,0.2065,0.2676,8.10E-02,3.50E-02,0.1250,0.2070,1.38E-01,3.57E-02
GUYH850104,hydro,0.2823,3.07E-03,0.5300,0.4219,1.35E-05,4.15E-04,0.6533,0.5790,4.86E-06,4.42E-05,0.3490,0.2317,1.19E-03,2.18E-02
andr201707,nuc,-0.2057,9.77E-01,-0.0610,-0.2002,6.85E-01,9.44E-01,0.0800,0.0110,2.94E-01,4.70E-01,-0.1436,-0.2164,8.94E-01,9.70E-01
deru201307,nuc,0.0676,2.56E-01,-0.0314,0.0712,5.98E-01,2.86E-01,0.2415,0.2734,5.11E-02,3.21E-02,0.0959,0.0992,2.02E-01,1.94E-01
poly201304,nuc,0.0567,2.91E-01,0.1946,0.1113,6.16E-02,1.89E-01,0.1184,0.2024,2.11E-01,8.53E-02,0.0668,0.0162,2.81E-01,4.44E-01
hajn201402,nuc,-0.0039,5.15E-01,-0.0731,0.0186,7.19E-01,4.41E-01,-0.1401,0.0371,8.29E-01,4.01E-01,0.0868,-0.0099,2.25E-01,5.34E-01
deru201309,nuc,0.2077,2.19E-02,0.1210,0.2097,1.69E-01,4.83E-02,0.4180,0.4568,2.33E-03,9.92E-04,0.2062,0.2302,3.63E-02,2.25E-02
andr201701,nuc,-0.2298,9.87E-01,-0.1821,-0.1380,9.25E-01,8.63E-01,-0.0687,-0.0118,6.79E-01,5.32E-01,-0.3245,-0.1775,9.98E-01,9.39E-01
poly201305,nuc,0.2048,2.34E-02,0.2920,0.2856,1.04E-02,1.18E-02,0.4436,0.3613,1.34E-03,7.22E-03,0.3457,0.2632,1.31E-03,1.10E-02
deru201308,nuc,0.1457,7.86E-02,0.0120,0.0855,4.62E-01,2.49E-01,0.1792,0.2783,1.13E-01,2.98E-02,0.0599,0.0938,3.01E-01,2.07E-01
deru201310,nuc,0.2181,1.71E-02,0.1326,0.2164,1.47E-01,4.32E-02,0.2793,0.3804,2.93E-02,5.01E-03,0.0903,0.1814,2.16E-01,5.71E-02
deru201304,nuc,0.2657,4.94E-03,0.5044,0.4272,3.22E-05,3.56E-04,0.7065,0.6640,8.61E-07,3.46E-06,0.3345,0.3110,1.80E-03,3.39E-03
hajn201401,nuc,-0.0846,7.94E-01,-0.1606,-0.1576,8.98E-01,8.94E-01,-0.0909,0.0091,7.31E-01,4.75E-01,-0.0912,-0.1130,7.86E-01,8.37E-01
deru201303,nuc,0.0583,2.86E-01,0.0423,0.1148,3.69E-01,1.82E-01,0.1511,0.1858,1.53E-01,1.04E-01,0.0989,0.1434,1.95E-01,1.06E-01
andr201704,nuc,-0.2250,9.86E-01,-0.2990,-0.1675,9.91E-01,9.08E-01,-0.1558,-0.0988,8.54E-01,7.48E-01,-0.2670,-0.1240,9.90E-01,8.60E-01
deru201302,nuc,-0.1839,9.63E-01,-0.1428,-0.1069,8.71E-01,8.01E-01,-0.1692,0.0346,8.74E-01,4.08E-01,-0.2188,-0.2120,9.72E-01,9.68E-01
andr201706,nuc,-0.2255,9.86E-01,-0.0946,-0.2257,7.73E-01,9.63E-01,0.0042,-0.0634,4.89E-01,6.66E-01,-0.1858,-0.2470,9.47E-01,9.84E-01
hajn201403,nuc,0.2340,1.16E-02,0.3318,0.2986,4.29E-03,9.00E-03,0.3030,0.4114,2.01E-02,2.68E-03,0.2530,0.1952,1.38E-02,4.46E-02
poly201306,nuc,0.1941,2.98E-02,0.2607,0.2566,1.94E-02,2.10E-02,0.4000,0.3115,3.39E-03,1.75E-02,0.3260,0.2270,2.27E-03,2.40E-02
andr201703,nuc,-0.2490,9.92E-01,-0.2980,-0.2063,9.91E-01,9.49E-01,-0.2037,-0.1597,9.16E-01,8.60E-01,-0.2969,-0.1643,9.95E-01,9.24E-01
poly201302,nuc,0.0353,3.66E-01,0.1231,0.1746,1.65E-01,8.33E-02,0.0511,0.0194,3.65E-01,4.48E-01,0.0957,0.0220,2.02E-01,4.24E-01
poly201301,nuc,0.3797,1.14E-04,0.5576,0.5884,4.99E-06,1.57E-06,0.6353,0.6140,8.51E-06,1.62E-05,0.4302,0.4310,9.02E-05,8.80E-05
poly201303,nuc,-0.2004,9.74E-01,-0.2438,-0.1361,9.73E-01,8.60E-01,-0.2267,0.0069,9.38E-01,4.81E-01,-0.1462,-0.2185,8.99E-01,9.71E-01
hajn201602,nuc,0.0823,2.12E-01,-0.0289,0.0059,5.91E-01,4.81E-01,0.0855,0.1765,2.81E-01,1.16E-01,-0.0109,0.0299,5.38E-01,3.97E-01
hajn201404,nuc,0.2723,4.10E-03,0.3914,0.3520,9.66E-04,2.64E-03,0.3760,0.4658,5.46E-03,8.06E-04,0.3147,0.2323,3.08E-03,2.16E-02
deru201301,nuc,0.0432,3.38E-01,0.1855,0.1840,7.08E-02,7.25E-02,0.1849,0.3403,1.05E-01,1.06E-02,-0.0595,0.0248,6.98E-01,4.14E-01
hajn201501,nuc,0.1424,8.34E-02,0.2227,0.2092,3.89E-02,4.87E-02,0.3953,0.3280,3.72E-03,1.32E-02,0.0820,0.1242,2.38E-01,1.40E-01
hajn201503,nuc,-0.0063,5.24E-01,-0.0259,-0.0555,5.81E-01,6.70E-01,-0.0428,-0.0453,6.14E-01,6.20E-01,-0.0041,-0.0546,5.14E-01,6.83E-01
hajn201601,nuc,-0.0202,5.78E-01,0.0743,0.0896,2.78E-01,2.39E-01,-0.0227,0.1506,5.61E-01,1.54E-01,0.0434,-0.0266,3.53E-01,5.92E-01
hajn201502,nuc,0.3046,1.55E-03,0.3594,0.3442,2.21E-03,3.19E-03,0.5800,0.5806,4.30E-05,4.24E-05,0.2090,0.2737,3.44E-02,8.60E-03
deru201305,nuc,0.0088,4.66E-01,0.0071,0.0461,4.78E-01,3.57E-01,-0.0275,0.0433,5.74E-01,3.85E-01,0.1061,0.0285,1.78E-01,4.02E-01
andr201708,nuc,-0.2329,9.88E-01,-0.1149,-0.2251,8.19E-01,9.63E-01,0.0094,-0.0888,4.75E-01,7.26E-01,-0.1993,-0.2420,9.59E-01,9.82E-01
andr201702,nuc,-0.2805,9.97E-01,-0.2168,-0.2300,9.57E-01,9.66E-01,-0.0955,-0.0791,7.41E-01,7.04E-01,-0.3000,-0.2253,9.96E-01,9.75E-01
deru201306,nuc,0.0626,2.72E-01,-0.1188,0.0051,8.27E-01,4.84E-01,0.0480,0.2730,3.73E-01,3.23E-02,-0.0047,0.0253,5.16E-01,4.13E-01
andr201705,nuc,-0.2153,9.82E-01,-0.0572,-0.2112,6.75E-01,9.53E-01,0.0709,-0.0216,3.16E-01,5.58E-01,-0.1294,-0.2314,8.70E-01,9.78E-01
JOND920102,other,0.0010,4.96E-01,-0.0428,0.0272,6.33E-01,4.15E-01,-0.1040,0.0105,7.59E-01,4.72E-01,-0.0063,-0.0433,5.22E-01,6.47E-01
RICJ880103,other,-0.1796,9.59E-01,-0.2024,-0.2473,9.46E-01,9.75E-01,-0.1294,-0.1627,8.09E-01,8.65E-01,-0.1248,-0.2568,8.61E-01,9.87E-01
QIAN880124,other,-0.0263,6.01E-01,-0.1310,-0.0996,8.50E-01,7.85E-01,0.0583,-0.0037,3.47E-01,5.10E-01,-0.0474,-0.1558,6.60E-01,9.12E-01
NAKH900111,other,0.0191,4.26E-01,0.1096,0.0795,1.93E-01,2.64E-01,0.3115,0.1616,1.75E-02,1.37E-01,0.0270,0.0081,4.07E-01,4.72E-01
RACS820107,other,-0.0908,8.11E-01,-0.1229,-0.0301,8.35E-01,5.94E-01,-0.0861,-0.0535,7.20E-01,6.41E-01,-0.2566,-0.0618,9.87E-01,7.05E-01
OOBM770104,other,-0.0397,6.50E-01,-0.0815,-0.0587,7.41E-01,6.79E-01,0.0341,-0.0295,4.09E-01,5.79E-01,-0.1240,-0.0513,8.60E-01,6.73E-01
CHOP780206,other,-0.1699,9.50E-01,-0.1321,-0.1814,8.52E-01,9.25E-01,-0.0267,-0.1794,5.72E-01,8.88E-01,-0.0302,-0.2192,6.04E-01,9.72E-01
TSAJ990102,other,-0.1264,8.90E-01,-0.1260,-0.1494,8.41E-01,8.82E-01,0.0109,-0.0499,4.71E-01,6.32E-01,-0.1885,-0.1721,9.50E-01,9.33E-01
FUKS010108,other,0.0623,2.73E-01,0.0787,0.0923,2.67E-01,2.32E-01,0.2642,0.1919,3.69E-02,9.69E-02,-0.0022,0.0166,5.08E-01,4.42E-01
OOBM850102,other,-0.0069,5.27E-01,-0.1046,-0.0992,7.96E-01,7.84E-01,-0.1294,-0.1333,8.09E-01,8.17E-01,-0.1301,-0.1004,8.71E-01,8.09E-01
SUYM030101,other,0.2291,1.31E-02,0.2588,0.2515,2.02E-02,2.32E-02,0.2554,0.4236,4.19E-02,2.07E-03,0.2029,0.2200,3.87E-02,2.77E-02
TANS770105,other,-0.1231,8.84E-01,-0.1476,-0.1265,8.79E-01,8.42E-01,-0.2280,-0.2465,9.39E-01,9.52E-01,-0.2261,-0.2188,9.75E-01,9.72E-01
FUKS010111,other,-0.1626,9.43E-01,-0.1676,-0.2113,9.08E-01,9.53E-01,-0.1076,-0.2573,7.67E-01,9.59E-01,-0.1321,-0.2654,8.75E-01,9.90E-01
LEVM760107,other,-0.0064,5.25E-01,-0.1022,-0.0033,7.91E-01,5.10E-01,0.0127,-0.0262,4.66E-01,5.70E-01,-0.1455,0.0256,8.97E-01,4.12E-01
COHE430101,other,-0.1202,8.78E-01,-0.1320,-0.1458,8.52E-01,8.76E-01,0.0286,-0.1133,4.23E-01,7.78E-01,-0.1711,-0.1641,9.32E-01,9.23E-01
TANS770109,other,0.0110,4.57E-01,0.0181,0.0042,4.43E-01,4.87E-01,0.1024,-0.0917,2.44E-01,7.33E-01,0.0779,-0.0967,2.49E-01,8.00E-01
GEOR030108,other,-0.1309,8.98E-01,-0.1517,-0.1542,8.85E-01,8.89E-01,-0.1570,-0.0045,8.56E-01,5.12E-01,-0.1586,-0.2244,9.16E-01,9.75E-01
KARS160107,other,-0.1445,9.20E-01,-0.0505,-0.0955,6.55E-01,7.75E-01,0.0435,-0.0364,3.84E-01,5.97E-01,-0.2095,-0.1614,9.66E-01,9.20E-01
CHOC760101,other,-0.1365,9.07E-01,-0.0558,-0.1243,6.71E-01,8.38E-01,0.0724,-0.0502,3.12E-01,6.33E-01,-0.1521,-0.1853,9.07E-01,9.47E-01
MCMT640101,other,-0.1428,9.17E-01,-0.1238,-0.1581,8.37E-01,8.95E-01,-0.0438,-0.2217,6.16E-01,9.33E-01,-0.1333,-0.2153,8.77E-01,9.70E-01
TSAJ990101,other,-0.1228,8.83E-01,-0.1294,-0.1494,8.47E-01,8.82E-01,0.0076,-0.0535,4.80E-01,6.41E-01,-0.1873,-0.1696,9.48E-01,9.30E-01
FUKS010107,other,-0.0416,6.57E-01,0.0397,-0.0250,3.77E-01,5.78E-01,0.3145,0.0670,1.66E-02,3.25E-01,-0.0045,-0.1078,5.16E-01,8.26E-01
KARP850103,other,0.1547,6.66E-02,0.2335,0.1859,3.21E-02,7.04E-02,0.5176,0.4546,2.29E-04,1.04E-03,0.2886,0.1992,6.00E-03,4.14E-02
KARS160112,other,-0.0127,5.49E-01,0.1138,0.0842,1.84E-01,2.52E-01,0.1110,0.2861,2.26E-01,2.64E-02,-0.1763,-0.0470,9.38E-01,6.59E-01
LEVM760102,other,-0.1437,9.19E-01,-0.0106,-0.1077,5.33E-01,8.03E-01,0.1135,-0.0179,2.21E-01,5.48E-01,-0.1471,-0.1906,9.00E-01,9.51E-01
NAKH920103,other,-0.0940,8.19E-01,-0.1676,-0.0796,9.08E-01,7.36E-01,-0.0439,-0.0872,6.17E-01,7.22E-01,-0.1865,-0.0863,9.48E-01,7.74E-01
NADH010107,other,0.0205,4.21E-01,0.1151,0.0681,1.81E-01,2.95E-01,-0.0201,-0.0338,5.54E-01,5.90E-01,0.0063,-0.0169,4.78E-01,5.58E-01
LEVM760106,other,0.0334,3.73E-01,-0.0848,-0.0821,7.49E-01,7.42E-01,-0.0257,-0.0402,5.69E-01,6.07E-01,-0.0421,-0.0918,6.43E-01,7.88E-01
KARS160114,other,-0.1549,9.34E-01,-0.0006,-0.1089,5.02E-01,8.06E-01,0.1272,-0.0422,1.95E-01,6.12E-01,-0.1508,-0.1995,9.05E-01,9.59E-01
CHOP780214,other,-0.1723,9.53E-01,-0.2585,-0.2120,9.80E-01,9.54E-01,-0.2183,-0.3250,9.30E-01,9.86E-01,-0.3674,-0.2500,9.99E-01,9.85E-01
NAKH920105,other,0.0207,4.20E-01,0.0845,0.0514,2.52E-01,3.42E-01,0.2654,0.0946,3.62E-02,2.61E-01,0.0246,-0.0175,4.15E-01,5.61E-01
WERD780102,other,-0.0954,8.23E-01,-0.1703,-0.2510,9.11E-01,9.77E-01,-0.1232,-0.0169,7.98E-01,5.46E-01,-0.2141,-0.2407,9.69E-01,9.82E-01
ONEK900101,other,0.0948,1.79E-01,0.1697,0.1168,8.94E-02,1.77E-01,0.0984,0.1909,2.53E-01,9.81E-02,-0.0101,0.0216,5.35E-01,4.25E-01
CEDJ970101,other,-0.1007,8.36E-01,-0.1108,-0.0381,8.10E-01,6.18E-01,0.0155,-0.1096,4.58E-01,7.71E-01,-0.1871,-0.0720,9.48E-01,7.35E-01
FUKS010110,other,-0.2056,9.77E-01,-0.1967,-0.0770,9.40E-01,7.29E-01,0.0418,-0.1852,3.89E-01,8.95E-01,-0.1852,-0.1380,9.47E-01,8.85E-01
FAUJ880101,other,0.0533,3.02E-01,0.0966,0.1318,2.22E-01,1.48E-01,0.1519,-0.0032,1.52E-01,5.09E-01,0.0553,0.0685,3.15E-01,2.76E-01
KARS160103,other,-0.1366,9.08E-01,-0.1536,-0.1318,8.88E-01,8.52E-01,-0.0900,-0.1799,7.29E-01,8.88E-01,-0.2324,-0.1453,9.78E-01,8.97E-01
KARS160113,other,-0.1613,9.41E-01,-0.1715,-0.1422,9.13E-01,8.70E-01,-0.0075,-0.1414,5.20E-01,8.31E-01,-0.2188,-0.1743,9.72E-01,9.35E-01
OOBM770102,other,-0.0785,7.77E-01,0.0974,0.0490,2.20E-01,3.49E-01,0.2388,0.1707,5.30E-02,1.24E-01,-0.1425,-0.0728,8.93E-01,7.37E-01
KARS160117,other,-0.1199,8.78E-01,-0.0656,-0.1111,6.98E-01,8.11E-01,-0.0407,-0.1763,6.08E-01,8.84E-01,-0.1850,-0.1542,9.46E-01,9.10E-01
NAKH900107,other,0.0378,3.57E-01,0.0552,0.0089,3.31E-01,4.72E-01,0.1470,0.1526,1.60E-01,1.51E-01,-0.0277,-0.0681,5.95E-01,7.23E-01
CHAM810101,other,0.1094,1.44E-01,0.0994,0.0013,2.15E-01,4.96E-01,0.1385,0.0808,1.74E-01,2.92E-01,0.1306,-0.0359,1.28E-01,6.23E-01
CHAM820101,other,-0.1716,9.52E-01,-0.1721,-0.1826,9.14E-01,9.26E-01,-0.0335,-0.1553,5.90E-01,8.53E-01,-0.2205,-0.2048,9.73E-01,9.63E-01
BULH740102,other,-0.1021,8.39E-01,-0.1862,-0.1501,9.30E-01,8.83E-01,0.0059,-0.0613,4.84E-01,6.61E-01,-0.1179,-0.1553,8.48E-01,9.12E-01
NAKH900109,other,-0.0759,7.69E-01,-0.0237,-0.0082,5.74E-01,5.26E-01,0.1748,-0.0134,1.18E-01,5.36E-01,-0.0971,-0.0643,8.01E-01,7.12E-01
PRAM820102,other,-0.0011,5.04E-01,0.0249,-0.0396,4.22E-01,6.23E-01,0.2081,0.0963,7.94E-02,2.57E-01,0.0431,-0.1650,3.54E-01,9.25E-01
MAXF760104,other,0.1238,1.15E-01,0.1060,0.0186,2.01E-01,4.41E-01,-0.0065,-0.0869,5.17E-01,7.22E-01,-0.0360,-0.0407,6.23E-01,6.38E-01
RACS820113,other,0.0079,4.69E-01,-0.0520,-0.0751,6.60E-01,7.24E-01,0.0011,-0.0546,4.97E-01,6.44E-01,-0.1528,-0.0801,9.08E-01,7.57E-01
FAUJ880106,other,-0.1712,9.52E-01,-0.1638,-0.0923,9.03E-01,7.68E-01,-0.0115,-0.1394,5.31E-01,8.27E-01,-0.1850,-0.1406,9.46E-01,8.90E-01
FAUJ880107,other,0.1315,1.01E-01,0.2285,0.1873,3.51E-02,6.90E-02,0.0811,0.0936,2.91E-01,2.63E-01,0.1168,0.0841,1.55E-01,2.32E-01
DAYM780201,other,0.0267,3.98E-01,-0.0122,0.0136,5.38E-01,4.57E-01,-0.0530,0.0529,6.40E-01,3.60E-01,0.0679,0.0097,2.77E-01,4.66E-01
LEVM760103,other,0.1294,1.05E-01,0.1676,0.0485,9.21E-02,3.51E-01,0.1932,0.0157,9.54E-02,4.58E-01,0.0768,-0.0037,2.52E-01,5.13E-01
FUKS010112,other,-0.0796,7.80E-01,-0.1141,-0.0254,8.17E-01,5.80E-01,0.0748,0.0537,3.06E-01,3.58E-01,-0.1638,-0.0423,9.23E-01,6.44E-01
FASG760101,other,-0.1470,9.23E-01,-0.0732,-0.1315,7.19E-01,8.51E-01,-0.0028,-0.1280,5.08E-01,8.07E-01,-0.1953,-0.1829,9.55E-01,9.44E-01
NAKH920106,other,0.0860,2.02E-01,0.1283,0.2274,1.55E-01,3.58E-02,0.3196,0.3389,1.52E-02,1.09E-02,0.0164,0.1588,4.43E-01,8.34E-02
NAKH900102,other,0.1523,6.97E-02,0.2134,0.2174,4.55E-02,4.25E-02,0.2660,0.1993,3.58E-02,8.86E-02,0.0810,0.1514,2.40E-01,9.38E-02
FAUJ880102,other,0.1087,1.46E-01,0.1603,0.0020,1.02E-01,4.94E-01,0.1121,-0.0057,2.24E-01,5.15E-01,0.0617,-0.0703,2.96E-01,7.30E-01
KARS160116,other,-0.1701,9.51E-01,-0.0004,-0.1157,5.01E-01,8.20E-01,0.1476,-0.0940,1.59E-01,7.38E-01,-0.1699,-0.2014,9.30E-01,9.60E-01
NAKH920108,other,0.0808,2.16E-01,0.1635,0.1142,9.77E-02,1.83E-01,0.3442,0.2173,9.89E-03,7.06E-02,0.0614,0.0207,2.96E-01,4.29E-01
BIGC670101,other,-0.0905,8.10E-01,-0.1043,-0.1311,7.96E-01,8.51E-01,0.0487,-0.0165,3.71E-01,5.44E-01,-0.1436,-0.1539,8.94E-01,9.10E-01
FUKS010109,other,-0.1438,9.19E-01,-0.0692,0.0484,7.08E-01,3.51E-01,0.1962,0.0632,9.21E-02,3.34E-01,-0.0792,-0.0446,7.55E-01,6.51E-01
PONJ960101,other,-0.0797,7.80E-01,-0.0745,-0.0716,7.22E-01,7.15E-01,0.0124,0.0161,4.67E-01,4.57E-01,-0.1455,-0.1046,8.97E-01,8.19E-01
KARS160109,other,0.0115,4.56E-01,0.0029,0.0086,4.91E-01,4.73E-01,0.0152,0.0772,4.59E-01,3.01E-01,-0.0398,-0.0231,6.35E-01,5.80E-01
HUTJ700101,other,0.2061,2.27E-02,0.0790,0.0966,2.66E-01,2.22E-01,0.0759,0.0217,3.04E-01,4.42E-01,0.1421,0.0741,1.08E-01,2.59E-01
DAYM780101,other,-0.0514,6.91E-01,-0.0725,0.0032,7.17E-01,4.90E-01,0.0928,-0.0651,2.65E-01,6.70E-01,-0.0985,-0.0509,8.04E-01,6.71E-01
KARS160115,other,-0.1199,8.78E-01,-0.0335,-0.0675,6.05E-01,7.04E-01,0.1514,-0.0087,1.53E-01,5.24E-01,-0.0891,-0.1527,7.81E-01,9.08E-01
JUNJ780101,other,-0.0654,7.37E-01,-0.0786,-0.0367,7.33E-01,6.15E-01,0.0853,-0.0704,2.82E-01,6.83E-01,-0.0884,-0.0842,7.79E-01,7.68E-01
CEDJ970103,other,-0.0452,6.69E-01,-0.0312,-0.0086,5.98E-01,5.27E-01,0.1126,-0.0199,2.23E-01,5.54E-01,-0.1279,-0.0697,8.67E-01,7.28E-01
NAKH920102,other,0.0953,1.77E-01,0.0797,0.1860,2.64E-01,7.03E-02,0.1536,0.1362,1.49E-01,1.78E-01,-0.0220,0.1268,5.76E-01,1.35E-01
WOLS870102,other,-0.1652,9.46E-01,-0.1071,-0.1089,8.02E-01,8.06E-01,0.0643,-0.1855,3.32E-01,8.95E-01,-0.1448,-0.1785,8.96E-01,9.40E-01
ANDN920101,other,-0.2624,9.95E-01,-0.1777,-0.1280,9.20E-01,8.45E-01,-0.0299,-0.3364,5.80E-01,9.89E-01,-0.1752,-0.1606,9.36E-01,9.19E-01
KARS160119,other,0.1274,1.08E-01,0.1343,0.0101,1.44E-01,4.68E-01,-0.0147,-0.0332,5.40E-01,5.89E-01,0.1279,-0.0132,1.33E-01,5.46E-01
RACS820106,other,0.0877,1.97E-01,0.0845,0.0982,2.52E-01,2.18E-01,0.1003,0.0226,2.49E-01,4.39E-01,-0.0371,0.0000,6.26E-01,5.00E-01
CHAM830105,other,-0.0917,8.13E-01,0.0636,-0.0744,3.07E-01,7.22E-01,0.1069,0.0176,2.35E-01,4.53E-01,-0.0900,-0.2080,7.83E-01,9.65E-01
CHAM830104,other,-0.0801,7.82E-01,-0.1215,-0.1205,8.32E-01,8.30E-01,-0.1470,0.1731,8.40E-01,1.21E-01,-0.1152,-0.1836,8.42E-01,9.45E-01
FAUJ880105,other,0.0231,4.11E-01,0.1056,0.0392,2.01E-01,3.78E-01,0.0219,-0.0684,4.41E-01,6.78E-01,-0.0508,-0.0515,6.71E-01,6.73E-01
QIAN880123,other,-0.0592,7.17E-01,-0.0461,-0.0386,6.42E-01,6.20E-01,0.0133,-0.0329,4.64E-01,5.88E-01,-0.0659,-0.1501,7.17E-01,9.04E-01
KARS160102,other,-0.1530,9.31E-01,-0.1545,-0.1345,8.90E-01,8.57E-01,-0.0665,-0.1636,6.74E-01,8.66E-01,-0.2478,-0.1492,9.85E-01,9.03E-01
FAUJ880104,other,-0.1225,8.83E-01,0.0684,-0.1185,2.94E-01,8.26E-01,0.3120,0.1110,1.73E-02,2.26E-01,-0.0834,-0.2362,7.66E-01,9.80E-01
factor4,other,-0.1418,9.16E-01,-0.1536,-0.0992,8.88E-01,7.84E-01,0.0100,-0.2205,4.73E-01,9.32E-01,-0.1702,-0.1362,9.31E-01,8.82E-01
AVBF000103,other,0.1439,8.12E-02,0.2361,0.1775,3.07E-02,7.98E-02,0.0632,0.0609,3.34E-01,3.40E-01,0.0746,0.1001,2.58E-01,1.92E-01
NAKH900101,other,-0.0918,8.14E-01,-0.1213,-0.0282,8.32E-01,5.88E-01,0.0253,-0.0831,4.32E-01,7.13E-01,-0.1837,-0.0636,9.45E-01,7.10E-01
KARS160111,other,0.0011,4.96E-01,-0.0039,-0.0131,5.12E-01,5.41E-01,-0.1088,-0.1036,7.69E-01,7.58E-01,-0.0753,-0.0535,7.44E-01,6.79E-01
OOBM770105,other,-0.0267,6.02E-01,-0.0667,-0.0811,7.01E-01,7.40E-01,-0.0813,-0.1125,7.09E-01,7.77E-01,-0.1144,-0.0863,8.40E-01,7.74E-01
CEDJ970104,other,-0.0992,8.32E-01,-0.1161,0.0017,8.21E-01,4.95E-01,0.0858,-0.0361,2.81E-01,5.96E-01,-0.1613,-0.0439,9.20E-01,6.49E-01
JOND920101,other,-0.1016,8.38E-01,-0.1296,-0.0350,8.48E-01,6.09E-01,0.0211,-0.1077,4.43E-01,7.67E-01,-0.1926,-0.0741,9.53E-01,7.41E-01
RICJ880102,other,-0.1634,9.44E-01,-0.1733,-0.1500,9.15E-01,8.83E-01,-0.1577,-0.2052,8.57E-01,9.18E-01,-0.0567,-0.1873,6.89E-01,9.48E-01
MAXF760105,other,0.2295,1.29E-02,0.2712,0.2178,1.58E-02,4.22E-02,0.2610,0.1377,3.86E-02,1.76E-01,0.2393,0.0679,1.86E-02,2.77E-01
LEVM760104,other,0.1065,1.51E-01,0.1249,0.0137,1.61E-01,4.57E-01,0.1086,0.0041,2.31E-01,4.89E-01,0.1239,-0.0544,1.40E-01,6.82E-01
ZASB820101,other,-0.0241,5.92E-01,-0.1272,0.0096,8.43E-01,4.70E-01,-0.1128,0.0208,7.77E-01,4.44E-01,-0.0875,0.0048,7.77E-01,4.83E-01
LEVM760105,other,-0.1296,8.96E-01,0.0173,-0.0815,4.46E-01,7.41E-01,0.1960,0.0757,9.22E-02,3.04E-01,-0.1372,-0.1742,8.84E-01,9.35E-01
HARY940101,other,-0.0831,7.90E-01,-0.0995,-0.0830,7.85E-01,7.45E-01,0.0341,0.0309,4.09E-01,4.17E-01,-0.1360,-0.1201,8.82E-01,8.52E-01
HUTJ700103,other,-0.1621,9.42E-01,0.0666,-0.1058,2.99E-01,7.99E-01,0.3545,0.2217,8.20E-03,6.67E-02,-0.0534,-0.2092,6.79E-01,9.66E-01
NAKH900103,other,0.0469,3.25E-01,0.0732,0.0732,2.81E-01,2.81E-01,0.1012,0.1699,2.47E-01,1.25E-01,-0.0618,-0.0192,7.05E-01,5.66E-01
ROSG850101,other,-0.0275,6.05E-01,-0.0621,-0.0725,6.89E-01,7.17E-01,0.0566,0.0024,3.51E-01,4.94E-01,-0.0442,-0.0805,6.50E-01,7.58E-01
KARS160101,other,-0.1476,9.24E-01,-0.1015,-0.1235,7.89E-01,8.36E-01,-0.0258,-0.1143,5.69E-01,7.80E-01,-0.2262,-0.1594,9.76E-01,9.17E-01
CEDJ970105,other,0.1601,6.01E-02,0.1622,0.2257,9.93E-02,3.69E-02,0.2642,0.2930,3.69E-02,2.37E-02,0.0571,0.1592,3.10E-01,8.29E-02
ZIMJ680102,other,0.0336,3.72E-01,-0.0048,-0.0385,5.15E-01,6.20E-01,0.1037,-0.0192,2.41E-01,5.52E-01,-0.0409,-0.0501,6.39E-01,6.68E-01
KUMS000104,other,-0.2024,9.75E-01,-0.2320,-0.1058,9.67E-01,7.99E-01,0.0090,-0.1373,4.76E-01,8.24E-01,-0.2246,-0.1354,9.75E-01,8.81E-01
BUNA790102,other,-0.1417,9.16E-01,-0.0314,0.0483,5.98E-01,3.51E-01,0.0728,-0.1831,3.11E-01,8.92E-01,-0.0678,-0.0387,7.23E-01,6.32E-01
factor5,other,-0.0239,5.92E-01,0.0671,-0.0191,2.98E-01,5.60E-01,0.0047,0.0605,4.87E-01,3.41E-01,-0.1122,-0.0648,8.36E-01,7.14E-01
RICJ880115,other,0.0880,1.97E-01,0.1116,-0.0380,1.88E-01,6.18E-01,-0.0548,-0.1003,6.45E-01,7.52E-01,-0.0270,-0.0604,5.93E-01,7.01E-01
NAKH920101,other,0.0865,2.01E-01,0.0320,0.1542,4.00E-01,1.11E-01,0.1089,0.1218,2.31E-01,2.05E-01,-0.0877,0.0824,7.77E-01,2.37E-01
KARS160108,other,0.1515,7.07E-02,0.1400,0.0867,1.34E-01,2.46E-01,0.1256,-0.0253,1.98E-01,5.68E-01,0.0740,0.0412,2.60E-01,3.60E-01
GOLD730102,other,-0.0964,8.25E-01,-0.1091,-0.1367,8.06E-01,8.61E-01,0.0449,-0.0267,3.81E-01,5.72E-01,-0.1472,-0.1600,9.00E-01,9.18E-01
KARS160106,other,-0.1824,9.62E-01,-0.1697,-0.1503,9.11E-01,8.83E-01,0.0304,-0.1132,4.19E-01,7.78E-01,-0.2554,-0.1887,9.87E-01,9.50E-01
CHAM830103,other,0.0879,1.97E-01,0.2120,0.1277,4.65E-02,1.56E-01,0.0551,-0.0439,3.55E-01,6.17E-01,0.0659,0.0388,2.83E-01,3.68E-01
AVBF000107,other,0.2092,2.11E-02,0.3083,0.2194,7.28E-03,4.11E-02,0.2330,0.1167,5.73E-02,2.15E-01,0.2201,0.1158,2.77E-02,1.57E-01
RACS820102,other,0.0860,2.02E-01,0.0559,0.0153,3.29E-01,4.52E-01,0.0114,-0.0338,4.69E-01,5.91E-01,-0.0031,-0.0333,5.11E-01,6.14E-01
KUMS000102,other,-0.1929,9.69E-01,-0.1747,-0.1350,9.17E-01,8.58E-01,0.0288,-0.2880,4.23E-01,9.74E-01,-0.1335,-0.1907,8.78E-01,9.52E-01
FUKS010106,other,-0.1245,8.87E-01,-0.0703,-0.0705,7.11E-01,7.12E-01,0.1909,-0.0934,9.81E-02,7.36E-01,-0.1160,-0.1385,8.44E-01,8.86E-01
SNEP660103,other,-0.0851,7.96E-01,-0.2008,-0.0234,9.44E-01,5.74E-01,-0.0528,0.0103,6.40E-01,4.72E-01,-0.1743,0.0185,9.35E-01,4.36E-01
DAWD720101,other,-0.0683,7.46E-01,-0.0559,-0.0818,6.71E-01,7.41E-01,0.1372,0.0196,1.76E-01,4.47E-01,-0.0742,-0.1483,7.41E-01,9.02E-01
MAXF760103,other,0.0520,3.07E-01,0.1240,0.0812,1.63E-01,2.60E-01,-0.0357,-0.0565,5.96E-01,6.49E-01,0.0076,-0.0118,4.74E-01,5.41E-01
JUKT750101,other,-0.1298,8.96E-01,-0.1549,-0.1008,8.90E-01,7.88E-01,0.0186,-0.1521,4.50E-01,8.48E-01,-0.1592,-0.1482,9.17E-01,9.01E-01
HUTJ700102,other,-0.2146,9.81E-01,-0.0924,-0.1995,7.68E-01,9.43E-01,0.1442,-0.0232,1.65E-01,5.62E-01,-0.1313,-0.2722,8.74E-01,9.91E-01
AURR980116,other,-0.0146,5.56E-01,0.0889,0.0392,2.41E-01,3.78E-01,0.0303,0.1895,4.19E-01,9.98E-02,-0.0149,-0.0559,5.52E-01,6.87E-01
FUKS010105,other,-0.1370,9.08E-01,-0.1160,-0.1011,8.21E-01,7.89E-01,0.1709,-0.1428,1.24E-01,8.33E-01,-0.1178,-0.1480,8.47E-01,9.01E-01
ISOY800105,other,-0.0893,8.07E-01,-0.1371,-0.1503,8.61E-01,8.83E-01,-0.2412,-0.2957,9.49E-01,9.77E-01,-0.2261,-0.2288,9.75E-01,9.77E-01
KARS160122,other,0.1210,1.20E-01,0.2047,0.2173,5.24E-02,4.26E-02,0.0778,0.2607,2.99E-01,3.88E-02,0.1122,0.0550,1.64E-01,3.16E-01
NAKH900105,other,0.0534,3.02E-01,0.0804,0.0939,2.62E-01,2.29E-01,0.0895,0.1733,2.72E-01,1.20E-01,-0.0747,-0.0050,7.42E-01,5.17E-01
RACS820109,other,0.0542,2.99E-01,0.0503,-0.0745,3.45E-01,7.22E-01,0.0133,-0.1318,4.64E-01,8.14E-01,-0.0263,-0.1296,5.91E-01,8.70E-01
KUMS000101,other,-0.1683,9.49E-01,-0.1364,-0.0742,8.60E-01,7.22E-01,0.0703,-0.2769,3.17E-01,9.70E-01,-0.0833,-0.1664,7.66E-01,9.26E-01
RACS820105,other,0.2009,2.56E-02,0.2727,0.2832,1.54E-02,1.24E-02,0.3442,0.2495,9.89E-03,4.56E-02,0.1650,0.2263,7.54E-02,2.44E-02
RADA880103,other,-0.0938,8.19E-01,-0.0073,-0.1073,5.23E-01,8.02E-01,0.0144,-0.1724,4.61E-01,8.78E-01,-0.1445,-0.1741,8.96E-01,9.35E-01
AVBF000104,other,0.1001,1.66E-01,0.1602,0.2142,1.02E-01,4.48E-02,0.0603,0.0176,3.42E-01,4.53E-01,0.0721,0.1122,2.65E-01,1.64E-01
NAKH900112,other,0.0394,3.51E-01,0.0589,0.0557,3.20E-01,3.30E-01,0.1168,0.1274,2.14E-01,1.94E-01,-0.0480,-0.0285,6.62E-01,5.98E-01
CHAM830108,other,-0.2002,9.74E-01,-0.1349,-0.1807,8.57E-01,9.24E-01,-0.0385,-0.1943,6.03E-01,9.06E-01,-0.1621,-0.2517,9.21E-01,9.86E-01
GARJ730101,other,0.0950,1.78E-01,0.0911,0.0988,2.35E-01,2.17E-01,0.1761,0.1646,1.17E-01,1.33E-01,0.0058,0.1213,4.80E-01,1.46E-01
NAKH920107,other,-0.0569,7.10E-01,-0.1153,-0.0325,8.19E-01,6.02E-01,0.0108,-0.1648,4.71E-01,8.68E-01,-0.1431,-0.0931,8.94E-01,7.91E-01
KARS160104,other,-0.1345,9.04E-01,-0.1196,-0.0936,8.28E-01,7.71E-01,-0.0509,-0.0610,6.35E-01,6.60E-01,-0.2322,-0.1169,9.78E-01,8.46E-01
KUMS000103,other,-0.1556,9.35E-01,-0.1566,-0.0595,8.93E-01,6.81E-01,0.0378,-0.0402,3.99E-01,6.07E-01,-0.1626,-0.1279,9.22E-01,8.67E-01
ISOY800108,other,0.0788,2.22E-01,0.0406,0.0044,3.74E-01,4.86E-01,-0.0289,-0.1046,5.78E-01,7.61E-01,-0.0057,-0.0577,5.20E-01,6.92E-01
PRAM820103,other,0.0966,1.74E-01,0.0343,0.0368,3.93E-01,3.85E-01,0.1312,0.1354,1.87E-01,1.80E-01,0.1104,-0.0908,1.68E-01,7.85E-01
KARS160121,other,0.0516,3.08E-01,0.0380,0.0019,3.82E-01,4.94E-01,0.0562,-0.1213,3.52E-01,7.94E-01,0.0286,-0.0578,4.02E-01,6.92E-01
RICJ880101,other,-0.1634,9.44E-01,-0.1733,-0.1500,9.15E-01,8.83E-01,-0.1577,-0.2052,8.57E-01,9.18E-01,-0.0567,-0.1873,6.89E-01,9.48E-01
KARS160105,other,-0.1592,9.39E-01,-0.0853,-0.1456,7.50E-01,8.76E-01,0.0039,-0.0919,4.90E-01,7.33E-01,-0.2063,-0.2078,9.64E-01,9.65E-01
CHAM830106,other,-0.1068,8.50E-01,0.0686,-0.0343,2.93E-01,6.07E-01,0.1602,0.0768,1.39E-01,3.02E-01,-0.1650,-0.1492,9.25E-01,9.03E-01
FAUJ880103,other,-0.1446,9.20E-01,-0.1183,-0.1460,8.26E-01,8.76E-01,0.0114,-0.0970,4.69E-01,7.44E-01,-0.1997,-0.1797,9.59E-01,9.41E-01
RADA880106,other,-0.0046,5.18E-01,0.1504,0.0102,1.17E-01,4.68E-01,0.1540,0.0812,1.48E-01,2.91E-01,-0.0755,-0.1068,7.44E-01,8.24E-01
KRIW790103,other,-0.0769,7.72E-01,-0.0936,-0.1237,7.71E-01,8.36E-01,0.0436,-0.0312,3.84E-01,5.84E-01,-0.1411,-0.1540,8.90E-01,9.10E-01
WEBA780101,other,0.0977,1.71E-01,0.0507,0.1200,3.44E-01,1.71E-01,0.2380,0.2551,5.35E-02,4.21E-02,0.0158,0.1342,4.45E-01,1.21E-01
GRAR740103,other,-0.0671,7.43E-01,-0.0375,-0.1024,6.17E-01,7.91E-01,0.0742,0.0071,3.08E-01,4.81E-01,-0.1205,-0.1396,8.53E-01,8.88E-01
NAKH920104,other,-0.0461,6.73E-01,-0.0841,-0.0400,7.47E-01,6.24E-01,-0.0432,-0.0707,6.15E-01,6.84E-01,-0.1824,-0.0614,9.44E-01,7.04E-01
DIGM050101,other,0.1188,1.24E-01,0.0488,0.1197,3.50E-01,1.71E-01,0.2334,0.1958,5.70E-02,9.25E-02,-0.0842,0.0896,7.68E-01,2.18E-01
CHOC750101,other,-0.1325,9.01E-01,-0.1223,-0.1509,8.34E-01,8.84E-01,0.0007,-0.0542,4.98E-01,6.43E-01,-0.1836,-0.1799,9.45E-01,9.41E-01
CEDJ970102,other,-0.0866,8.00E-01,-0.1263,-0.0323,8.42E-01,6.01E-01,0.0019,-0.0920,4.95E-01,7.33E-01,-0.2009,-0.0632,9.60E-01,7.09E-01
KARS160120,other,0.0900,1.91E-01,0.1436,0.2580,1.28E-01,2.05E-02,0.1218,0.1212,2.05E-01,2.06E-01,0.0669,0.1257,2.80E-01,1.37E-01
QIAN880125,other,-0.1229,8.84E-01,-0.1725,-0.1118,9.14E-01,8.12E-01,0.1392,0.0503,1.73E-01,3.67E-01,-0.0888,-0.1624,7.80E-01,9.21E-01
MITS020101,other,-0.0990,8.32E-01,-0.0098,-0.0699,5.31E-01,7.10E-01,0.1608,-0.0065,1.38E-01,5.18E-01,-0.0882,-0.1578,7.79E-01,9.15E-01
TANS770107,other,0.1045,1.55E-01,0.1033,0.0198,2.07E-01,4.38E-01,-0.0817,-0.0680,7.10E-01,6.77E-01,-0.0642,-0.0398,7.12E-01,6.35E-01
KARS160110,other,-0.0614,7.25E-01,-0.1030,-0.0728,7.93E-01,7.18E-01,0.0363,0.0856,4.03E-01,2.81E-01,-0.0808,-0.0626,7.59E-01,7.07E-01
